tanggal,tomang,sukapura,pulomas,manggarai,lebak bulus,kemayoran,kelapa gading,ciganjur,istana,manggarai2,sunter kodamar,sunter rawabadak,rorotan,bandara halim,pakubuwono,ragunan,pasar minggu,kapuk,kedoya selatan,pulo gadung,sunter hulu,setiabudi,waduk melati,cideng,karet,teluk gong
10/1/2021,7.4,0,0,37.2,5,1.8,0,13.8,0,0,0,0,0,29.6,12,14,17.5,0,0,0,0,0,0,0,0,0
10/2/2021,0,0,0,0,0,0,0,0,0,0,0,0,0,0,0,0,0,0,0,0,0,0,0,0,0,0
10/3/2021,,,,,,,,,0,0,0,0,0,0,0,0,0,0,0,0,0,0,0,0,0,0
10/4/2021,0,0,0,0,0,0,0,0,0,0,0,0,0,0,0,0,0,0,0,0,0,0,0,0,0,0
10/5/2021,3.4,10,5.4,21,0.4,17.8,0.2,0,37,21,3,17,10,21.9,7,4,4,0,8.9,8,0,7,3,27,6,6
10/6/2021,0,0,0,0,0.4,0,0,0,0,0,0,0,0,0,0,0,0,0,0,0,0,0,0,0,0,0
10/7/2021,0.4,0,0,0.4,0,0.6,3,0,0,0,2,1,,0,3,0,0,0,2.1,0,0,0,2,0,0,0
10/8/2021,,0,,,,,,,0,0,0,0,0,0,0,0,0,0,0,0,0,0,0,0,0,0
10/9/2021,0,0,0,0,0,0,0,16,0,0,0,0,0,8.2,8,0,5,0,0,0,0,0,0,0,0,0
10/10/2021,0,0,0,0,0,0,0,0,0,0,0,0,0,0,0,0,0,0,0,0,0,0,0,0,0,0
10/11/2021,0,0,0,0,0.4,0,0,8.8,0,0,0,0,0,0,0,0,,0,0,0,0,0,0,0,0,0
10/12/2021,0,0,0,0,0,0,0,0,0,0,0,0,2,0,5,2,1,0,1.6,0,0,0,0,0,0,0
10/13/2021,,,,,,,,,0,0,0,0,0,0,0,0,1,0,0,0,0,0,0,0,0,0
10/14/2021,0,0,0,0,0.4,0,0,18.8,0,0,0,0,0,0,0,0,0,0,0,0,0,0,0,0,0,0
10/15/2021,0,0,0,0,0,0,0,0,0,0,0,0,0,4,0,0,3,0,0.5,0,8,0,0,0,0,0
10/16/2021,0,0,0,0,3,0,0,0.6,0,0,0,0,0,0,0,0,0,0,0,0,0,0,0,0,0,0
10/17/2021,0,0,0,0,0.4,0,0,16.4,0,0,0,5,0,,0,6,,0,0,0,4,0,0,1,0,3
10/19/2021,0.4,8.6,6,5.4,0.4,3,0.6,16.2,44,5,10,30,26.5,45.6,12,20.5,22,15,14.1,21,29,21,16,16,17,12
10/20/2021,0,0,0,0,0,0,0.2,10.8,25,18,17,19,0,0.3,0,1,,0,0,0,4,0,0,0,0,0
10/21/2021,27.4,8.2,36.6,52.8,0.2,39.6,0.2,18.4,0,0,0,0,41,15.6,116,2,1,17,38.9,30,10,66,64,36,64,18
10/22/2021,2.2,0,10.8,16,0.2,0.6,1.2,8.4,26,56,64,102,0,,0.3,0,0,0,0,7,0,18,19,21,0,0
10/23/2021,0,0.2,0,0,0,0,0.4,0,2,0,0,0,0,0.1,0,0,0,0,47.6,0,0,0,0,0,0,0
10/24/2021,0,0,0,0,0,0,0.6,0,0,0,0,3,0,0,0,0,0,0,0,0,0,0,0,0,0,0
10/25/2021,0,0,0,0,,0,0.6,0,0,0,0,0,0,0,0,0,0,0,0,0,0,0,0,0,0,0
10/26/2021,13.6,0,0.2,19,,0,0.6,0.4,0,0,0,0,0,0,9,0,0,0,37.6,0,0,29,27,5,18,5
10/27/2021,1,2.2,0.6,0,,0.2,1,0,3,20,0,0,3,8.7,30,8,4.5,1,15.3,1,0,3,4,0,9,1
10/28/2021,5.2,167.4,49,27.2,,24.2,9.4,31.2,16,28,43,53,93,39.6,7,39,34.5,7,4.3,29,58,11,8,10,9,3
10/29/2021,5.6,1.6,7.6,2,,21.6,18.8,6.6,8,2,1,9,1,3.7,3,9.5,11,12,6.2,1,10,6,4,8,2,0
10/30/2021,0,0,0,0,,0.6,0,0.2,0,0,0,0,0,,0,0,0,0,0,0,0,0,0,0,0,0
10/31/2021,,0,6.2,2.8,,2.2,0.2,3.6,0,2,8,8,,4.4,1,1,1,0,,1,17,1,1,0,0,2
11/1/2021,,0,0,0,,0,0.4,34.4,0,0,0,1,2,0.5,0,1,1.5,0,0,0,5,0,0,0,0,0
11/2/2021,,2.8,4,33.6,,2,0.4,30.2,0,11,4,12,3,44.7,37,66,58,3,15.6,21,142,26,8,0,10,3
11/3/2021,,0,0,0.2,1.6,0,2,4,0,0,0,0,0,1.3,0,1,,0,,0,5,0,0,0,0,14
11/4/2021,,0,0,1.8,2.4,1.8,0.4,37.6,0,0,0,1,1,19.6,0,9.5,8.5,0,,5,25,2,1,0,3,0
11/5/2021,0,1,3,8,21.6,0,0.4,1.6,0,8,0,0,8,27.6,4,5,7,28,5.7,5,0,0,1,0,0,0
11/6/2021,1,3.2,2,4,1.6,4,3.2,0.8,2,1,4,0,3,8,2,0,,0,1.1,0,0,0,0,2,2,2
11/7/2021,0,0,0,0,0,0,4.8,13.4,0,0,1,2,0,,0.5,6,0,0,0,0,0,0,0,0,0,0
11/8/2021,45.6,11.2,6.4,45.8,49.6,31.2,0.6,101,18,46,0,1,12.5,26.4,78,97,73,4,70.3,15,20,53,72,21,24,29
11/9/2021,0,0,0,0,0.4,0,0.2,0,0,0,0,0,0,0,0,0,0,0,,0,0,0,0,0,0,1
11/10/2021,3.4,0,,18.8,7.6,3,3,,9,12,4,0,0,1.8,1.5,6,1.5,0,41.2,15,0,2,1,21,1,1
11/11/2021,1,2.8,,3.6,1.4,1.6,4,2.2,3,2,0,3,3.5,2,1.5,1.5,0,1,1.3,2,3,2,1,2,2,2
11/12/2021,0,0,,0,,0,0,,0,0,0,0,0,,0,0,,0,0,0,0,0,0,0,0,0
11/13/2021,49,9,,89.6,2.6,23.6,0.8,,22,45,29,19,13,57.1,50,81,104,2,59,45,55,42,27,46,29,23
11/14/2021,8,23.2,,27.8,47.6,42.6,58.8,,31,28,31,3,30,96,37,29,49,17,8.2,43,8,30,31,34,36,3
11/15/2021,0.2,0.6,,1,1.6,0,0.2,,0,0,1,0,1,1.6,0.5,1,,0,,1,2,1,0,0,0,0
11/16/2021,0,0,,0,0,0,0,,0,0,0,0,,0,0,0,0,0,0,0,0,0,0,0,0,0
11/17/2021,0,0,1.8,0,0,3.6,2.4,1.4,0,0,9,0,0,0,0,0,0,4,0,0,0,0,0,0,0,2
11/18/2021,0,0,0,0,0.8,0,0.4,0,0,0,0,0,,0,0,0,0,0,0,0,0,0,0,0,0,0
11/19/2021,0,0,0,0,0,0,0,0,0,0,0,0,0,0,0,0,0,0,,0,0,0,0,0,0,0
11/20/2021,0,0,0,0,0,0,0,0,0,0,0,0,,0,0,0,0,0,0,0,0,0,0,0,0,0
11/21/2021,3.8,6.4,16.6,25.4,6.2,13.2,5.8,1.4,31,27,15,1,6.5,,28,13,38,0,14,15,50,30,28,21,29,0
11/22/2021,0.2,0,0,0,0,0,0.4,1.2,0,0,0,0,0,,0,1,,0,0,0,4,0,0,0,0,0
11/23/2021,0,0,0,1.4,0.2,0,0,0,0,0,0,0,0,,0,0,1,1,,0,0,0,0,0,0,0
11/24/2021,0,0,1,0.2,0.4,0,0,0,0,0,0,0,0,,0,1,0,0,0,0,0,0,0,0,0,0
11/25/2021,0,0,0,0,0,0,0,0,0,0,0,0,0,,0,0,0,0,0,0,0,0,0,0,0,0
11/26/2021,0,0,0.2,0,29.4,0.4,0,20.6,0,0,0,0,,,2,41,35,0,0,5,67,0,0,0,0,0
11/27/2021,33.8,0,84.8,41.8,,64.2,32.4,4.4,18,42,29,31,10.5,,46,3,6,8,36,31,44,51,44,28,27,15
11/28/2021,5.2,4.8,6,12.8,,4,0.4,11.6,8,6,4,8,15,,7,9.5,4,6,6,5,8,11,5,7,3,3
11/29/2021,0.2,0,1.4,2,,0.2,0.4,1.4,0,1,2,2,1.5,,2,1,0.5,1,0,3,7,1,0,0,3,2
11/30/2021,0,0,0,0,0.6,0,0,0,0,0,0,0,0,,0,0,0,0,0,0,7,0,0,0,0,0
12/1/2021,0,0,0,0,0,0,0,0,0,0,0,23,0,0,0,0,0,0,0,0,6,0,0,0,0,0
12/2/2021,0,,0,0,0,0,0,0,0,0,0,0,0,0,0,0,0,0,0,0,0,0,0,0,0,0
12/3/2021,0,0,0,0,0,0,0,0,0,0,0,0,0,0,0,0,0,0,0,0,0,0,0,0,0,0
12/4/2021,0,0,0,0,0,0,0,0,0,0,0,2,0,0,0,0,,0,0,0,0,0,0,0,0,0
12/5/2021,0,0,2,0.4,0,4,0,0.2,3,2,2,0,3,1.3,2,1,2,3,0.8,0,1,0,2,2,2,5
12/6/2021,0.2,0,14,8.8,17.2,15.2,6,2.8,10,14,11,26,6.6,5.4,9,10,8.5,14,6.9,14,8,1,14,8,15,2
12/7/2021,1.4,0,5.8,0,0,67.2,5.8,3.2,67,64,64,31,62,52,67,40,32.5,71,71,50,26,33,58,60,62,66
12/8/2021,0,0,0,0,,0,0,0,0,1,2,1,2.5,1.3,4,3,3,2,0.3,0,17,2,1,2,0,21
12/9/2021,0,0,0,0,0,0,0,0,50,30,18,3,11,10.4,37,6,4,20,45,32,5,42,58,60,38,73
12/10/2021,0,0,0,0,0,0,0,0,0,23,10,36,6.5,8.6,9.5,0,8.5,2,7.3,3,3,31,19,1,10,0
12/11/2021,0,0,0,0,0,0,0,0,4,0,22,10,8,,3,3,,0,13,1,1,3,3,5,0,4
12/12/2021,,0,,,0,0,0,0,8,32,0,0,,30.4,9,2,5,0,12,8,4,27,20,5,18,0
12/13/2021,0,,0,0,0,0,0,0,0,0,0,0,0,0,0,0,,0,0,0,0,0,0,2,0,0
12/14/2021,0,,0,0,0,0,0,0,0,0,0,0,,0,0,0,0,0,,0,0,0,0,2,0,0
12/15/2021,0,0,0,0,0,0,0,0,10,1,0,0,0,16.4,6.5,28.5,35.5,0,0,0,0,5,10,13,6,0
12/16/2021,0,0,0,0,0,0,0,0.4,0,0,0,0,0,0,3,11.5,8,0,0,0,0,0,3,0,0,0
12/17/2021,0,0,11.4,7.6,1.8,0,5,2.6,0,10,4,1,24.5,4.5,3,8,12,0,,8,12,9,6,6,22,0
12/18/2021,0.2,0,0.4,0,26,0,0,4.6,5,11,0,0,0,2,62,42,16,0,41,0,331,31,28,0,26,1
12/19/2021,0,0,0.2,0,0,0,0,0,6,12,16,25,11.5,21.6,48,1,27.5,3,2.2,41,66,9,10,8,12,1
12/20/2021,,0,,,,,,,0,0,0,0,,1.2,0,35,0,1,0,0,0,0,0,0,0,0
12/21/2021,0,0,4.8,0,28.4,0.6,24.6,7.8,0,14,4,1,22,82.6,48.5,71,78,0,2.5,5,30,23,24,0,25,0
12/22/2021,2.4,0,5.2,2.4,31.6,30.6,13.8,,3,2,8,7,6.5,2.2,38,6,6,12,3.1,2,15,3,3,4,5,1
12/23/2021,0,0,0,0,0,0,0,,0,0,0,0,0,0.3,0,6,4,0,0,0,3,0,0,0,0,0
12/24/2021,26.2,0,95.2,32.8,30.2,159.6,34.4,11.4,46,34,13,6,2.5,7.1,55,12,14,9,62.2,12,4,36,45,74,47,8
12/25/2021,0,0,0.4,0.4,4.8,0,0.4,1.2,0,0,0,0,0,11.3,12,8.5,9,0,0,0,3,1,1,0,0,0
12/26/2021,9.4,0,10.2,4.4,15.8,47.2,9.8,,13,25,8,8,10,34.3,25,14,6,15,15.5,13,34,18,17,10,15,12
12/27/2021,0,0,0,0,0,0,0,0,0,0,0,0,1,0,0,0,,0,0,0,0,0,0,0,0,0
12/28/2021,0,0.2,2.8,0,0,0,1.2,0,0,0,0,1,11,0,0,0,0,0,0,0,0,0,0,0,0,0
12/29/2021,11.8,17.4,116,17.8,25.4,26,19.6,5.2,14,34,18,22,11.5,23,31,8.5,8,24,36.4,18,45,37,19,25,48,8
12/30/2021,0,0,0.8,0,0,2.4,0,0.8,0,0,0,0,0,0.1,0,0,,0,0,0,0,0,0,0,0,0
12/31/2021,0,0,5.8,4.4,0,2.4,2.6,0,0,4,0,0,,31,5,2,2,0,0,0,39,0,0,0,0,0
1/1/2022,0.2,0,0.6,0,0.2,0,0,0.2,0,0,0,0,0,0.3,0.5,1,,0,0.3,0,2,1,1,0,0,0
1/2/2022,0,0,0,0,0,0,0,0,0,0,0,0,0,0,0,0,0,0,0,0,0,0,0,0,0,0
1/3/2022,0,0,0,0,0,0,0,0,0,0,0,0,0,0,0,0,0,0,0,0,0,0,0,0,0,0
1/4/2022,0,0,0,1,8.8,0,0,0,0,0,0,0,,2.1,0,1,6,0,0,0,4,0,0,0,0,0
1/5/2022,0,0,0,0,0,0,0,0,0,0,0,0,0,0.3,0,0,0,0,0,0,0,0,0,0,0,0
1/6/2022,16,14.4,63.8,12.2,9.8,202.4,59.4,0,7,11,30,29,7.2,27.2,0,2,0,0,2.3,35,0,8,0,7,0,16
1/7/2022,3.8,2.6,20.2,1.8,10.4,68,47.2,,2,1,8,5,2.6,2.9,3,2.5,2.5,4,0,12,20,2,1,3,0,10
1/8/2022,0.8,0.6,2,2,5.2,3,2.4,2.4,0,2,3,0,0,2,3,2,1,0,,2,3,2,2,0,0,0
1/9/2022,0.2,0.2,3.2,2.4,0,0,3.2,0,0,0,0,0,3,12.9,0,0,3,0,0.9,0,0,0,0,0,0,0
1/10/2022,0,0,0,0.2,4,0,0.6,0,0,0,0,0,0,0.2,0,0,0,0,0,0,0,0,0,0,0,0
1/11/2022,26.4,37.2,24.4,9,5.8,132,35.2,16.4,43,16,30,27,20,4.3,10.5,12,36,33,10,18,13,13,14,28,24,25
1/12/2022,11.8,10.2,62.8,32.2,31.2,178.8,17.2,9.2,26,33,16,23,11,21,21,15.5,18.5,45,35,15,30,38,40,24,35,28
1/13/2022,8.6,14.8,46,25.8,72,90.4,12.4,38.4,14,28,16,15,15,18,30,29,28,6,14,15,28,24,15,10,19,10
1/14/2022,11.8,7.8,7.2,6.4,3.4,61.4,8,0.2,11,6,5,22,8,10,4,8.5,3,10,32,10,13,8,10,9,10,24
1/15/2022,4,21,24.8,7.8,0.6,11.8,13,0.2,13,7,13,22,23,1.9,2,3.5,3,4,4.9,6,4,10,14,15,8,19
1/16/2022,0,0,1.4,0,1,0,0.2,0.2,0,0,0,0,0,0.2,0,0,1,0,0,0,3,0,0,0,0,0
1/17/2022,6.4,100.8,38.8,29.8,0.4,219.6,68.8,0,5,8,45,39,42.5,8.4,3,1,,28,0,17,0,10,5,2,5,9
1/18/2022,0.8,63.8,10,3.2,0.4,12.2,12.6,0,17,6,13,24,36,3.8,3,0,0,51,16,17,0,18,13,14,17,4
1/19/2022,,120.4,177,60.4,7.4,1260.4,205,,157,147,135,150,140,31.3,29,3,9.5,189,90.4,144,9,95,94,139,90,197
1/20/2022,0.4,7.6,4,0.4,3,31,2.4,3.6,0,2,3,7,8.5,11,10,2,5,0,2.1,4,10,2,2,4,2,1
1/21/2022,1,0.8,0.2,0.8,4,2,0.6,1,2,1,0,3,,6.1,9,4,4,3,2.9,2,0,0,2,0,4,0
1/22/2022,6,61.6,3.2,1,1.8,13.4,3.2,0,7,1,4,20,68,8.8,2,1,,5,10.2,0,0,4,2,4,4,15
1/23/2022,1.6,0.4,15.2,2,12.8,26,6.8,0,0,6,2,0,0,4.1,8,4,,0,7.5,7,3,13,13,7,0,0
1/24/2022,0,0.2,0.4,2,0,0,0,0,0,0,0,0,0,0,0,0,0,0,0,0,0,0,0,0,0,0
1/25/2022,0,0,0,0.2,0.8,0,0,1.2,0,0,0,0,0,0,0,0,0,0,0,0,0,0,0,0,0,0
1/26/2022,0.8,3.4,58,27.4,0,50.2,58.8,0,9,30,12,8,3.5,0.4,0,1,1,11,1.2,33,0,25,14,5,8,6
1/27/2022,0.2,0,0.8,11.8,0.8,5.6,1.2,4,1,13,1,2,0,22.7,0,0,,4,5.6,1,2,14,14,1,12,0
1/28/2022,0,5,4,0,1.8,23.4,3.2,0,0,0,0,0,,0,0,0,0,30,0,0,0,0,0,0,0,16
1/29/2022,0,0.2,2,0.6,19,0,24.4,2.8,0,1,5,0,6,7.8,7,4.5,2,0,0.3,28,0,3,4,0,6,0
1/30/2022,0,0,0,0,0.4,0,0,0,0,0,0,0,0,0,0,0,0,0,0,0,0,0,0,0,0,0
1/31/2022,0,0,0,0.2,0,0,0,0,0,0,0,0,0,9.6,3,0,,0,0,0,1,0,0,0,0,0
2/1/2022,0,0,0,0,0,0,0,0,0,0,0,0,0,0,0,0,,0,0,0,0,0,0,0,0,0
2/2/2022,1.4,8.6,5.2,0.4,14.8,13.6,3.4,47.2,3,0,20,31,8.5,,0,1,0,10,0.5,0,3,1,0,1,0,5
2/3/2022,0.2,6.8,0.4,0.4,0,0,0.2,0,0,0,0,0,7,0,2,0,0,0,0,0,0,0,0,0,0,0
2/4/2022,70.4,16,19.2,9.2,18,244.4,42.8,11.6,45,28,37,33,17,70.3,9,11.5,39,61,28.9,49,49,0,32,47,51,62
2/5/2022,9.2,4.6,31.6,10.8,10.8,66.6,6.4,8.6,7,5,12,5,8.5,5.7,5,6,16,3,11.2,6,47,0,4,11,5,5
2/6/2022,32.8,67,74,20.8,0.4,246,36.4,2.6,28,24,51,79,75,11.6,12,0,3,42,31.4,31,6,1,16,45,15,30
2/7/2022,8,25,19.6,5,13.2,37.4,14.4,4.8,12,12,14,17,28,8.1,10,8,9,10,12.2,14,14,15,15,7,15,11
2/8/2022,0.6,0.4,7.8,5.2,0.4,16.8,22.2,0,0,0,20,2,,0.5,1,2,1,0,0.3,6,0,0,0,0,0,2
2/9/2022,28.4,34.6,130,28.4,22.4,698.2,49.4,5.2,20,33,39,11,47.5,43,25,14.5,19,36,33.4,51,36,42,36,43,34,32
2/10/2022,0,11,1.4,2.6,2.2,3,1,,0,3,1,10,12,1.3,2,3,2,6,0,0,0,4,3,0,3,5
2/11/2022,0,0,0,0,,0,0.4,0,0,0,0,0,0,0,0,0,0,0,0,0,0,0,0,0,0,0
2/12/2022,0,0,0,0,,0,0,0,0,0,1,0,0,14.7,0,2.5,3.5,0,0,0,0,0,0,0,0,0
2/13/2022,0,0,0,4,0,0,0,0,0,2,0,0,0,1.4,2,0,,0,0,2,0,0,1,0,0,0
2/14/2022,0,2,0,12.8,19.4,0,1.8,3,0,6,0,0,0,12.4,10,31,40,0,0.3,4,27,4,2,0,3,12
2/15/2022,9.2,13.6,36.2,25.8,1.8,248.2,44.4,,24,14,20,11,16,6.8,8,2.5,1,13,14.7,14,0,21,16,30,17,12
2/16/2022,2,4.4,3.4,12.8,2.2,33,29,3.2,0,6,4,2,5,13.8,5,9.5,6,2,0.4,5,54,6,4,3,5,2
2/17/2022,13,37.2,13.4,52.4,23,630.8,103.2,38.6,33,55,15.5,32,40.5,27.8,57,47.5,47,4.5,11.5,29,45,37,22,34,20,9
2/18/2022,0.2,0.2,0,11,1.6,0,0.4,0,0,15,1,2,0,0.4,13,2,7,1.5,0.3,0,0,23,17,1,12,1
2/19/2022,1.2,1.2,58.2,49.6,2.6,28.6,3.6,1,16,12,4,2,0.5,0.3,6,2,,1,32.2,3,0,21,41,7,32,2
2/20/2022,0,0,37.2,34.8,2.2,67.2,0,0.2,0,17,2.5,0,0,13.2,0,1.5,5,0,0,2,10,0,0,0,0,0
2/21/2022,1.4,1.8,0,0,0.8,7.2,2,1.8,0,0,0,0,0,3.6,0,0,,0,0,0,18,0,0,0,0,0
2/22/2022,0.4,23.8,0.6,0,2.4,8.6,0.8,,5,3,1,4,1,0.6,4,1,,1,0.9,0,0,4,5,6,6,1
2/23/2022,1.8,2.4,0.8,3.6,0,1,1.2,,0,8,2,3,1,0,1,0,0,1,2.5,4,0,0,0,2,0,1
2/24/2022,18.2,0.8,14.8,2.2,5,142.8,0.8,,10,3,8,6,3,0.7,1.5,3.5,,3,4.6,0,1,4,4,13,5,17
2/25/2022,0,0,0,0,0,3.2,0,,0,0,0,0,0,,0,0,,0,0,0,0,0,0,0,0,0
2/26/2022,2.4,1.6,4,3,4.2,15.4,1.6,,3,3,0,0,3.5,2,4,3.5,3,3.5,2.6,6,0,3,2,3,3,0
2/27/2022,0,0,0,0.8,12.6,0,0,,0,0,0,0,0,10,0,151,18,0,,0,1,2,1,0,0,0
2/28/2022,2.4,0,0,0,30.4,6.6,0,,0,0,0,0,17,3.6,0,7.5,19,17,1.9,0,0,0,0,1,10,15
3/1/2022,7.6,5.6,3,1,20.2,30,1.8,,12,11,7,9,9,18.5,22,24,25,13,16.2,5,20,8,7,12,10,12.5
3/2/2022,8,10.8,18.2,7.6,7.6,72.2,18.4,,9,6,5,5,0,3,3,4,5,4,4,0,0,8,6,7,5,4.5
3/3/2022,0.4,36,0,0.4,0.4,52.2,0,0.8,2,0,6,16,16.5,0,0.5,0,0,2,5.4,0,0,2,1,5,2,14
3/4/2022,4,14.6,3.4,0,,3,3.6,1.6,4,2,7,5.5,15,0.2,5,2,2,7,2.4,8,0,3,3,3.5,2,3
3/5/2022,0,0,0,0,6,0,0,0,0,0,0,0,0,0,0,0,,0,0,0,0,0,0,0,0,0
3/6/2022,52.2,16.6,21.2,4.4,38,91,4,8.6,5,2,5,10,9,3,3,7,6,25,12.5,7,11,1,7,10,5,41
3/7/2022,0.6,0,0,0,0,0,0,0.2,0,0,0,0,0,0,0,0,,2,1.8,1,0,0,0,1,0,2.5
3/8/2022,0,0.2,0,3.2,0.4,0,0.2,0,0,0,0,0,,0.5,0,1,2,0,0,0,0,0,1,0,1,0
3/9/2022,0,0.2,0,0,0,0,0,0,6,20,0,8,,46.2,0.5,5.5,7,0,0.8,8,5,19,0,4,8,6
3/10/2022,0,0,0,0,8.8,2,0,0,0,0,0,0,,0.1,0,0,,0,0,0,0,0,0,0,0,0
3/11/2022,0,0,0,0,37.8,0,0,14.2,0,0,0,0,0,0,0,24,4,0,0,0,0,0,0,0,0,0
3/12/2022,1.6,8,20.4,13.8,20,21,13.2,6.8,0,15,5,15,8,22.6,18,20.5,19,0,5.6,3,16,23,22,2,18,4
3/13/2022,0.2,36.2,80.4,11,31,372.4,116,7.6,17,12,49,15,38,16.6,14,30.5,40,5.5,12,11,16,15,13,15,11.5,6
3/14/2022,,0,2,16.8,1.6,8.4,0,4,0,8,0,0,0,17.4,19,20,24,0,0,0,10,2,1,0,0,0
3/15/2022,,19.4,0.8,1.2,20.2,24.2,9.6,8.8,0,1,3,21,20.5,1.6,2,1,0,7,0.5,0,0,2,0,0,2,7
3/16/2022,17,0,0.6,19,66.2,29.6,0.8,28.2,15,19,0,2,,6.6,12,69.5,55,2.5,92,3,42,16,24,9,9,6
3/17/2022,0.2,0,0,0,0,0,0,8.4,0,0,1,1,2,0.2,0,0,2,0,,1,0,0,0,1,0,0
3/18/2022,0.6,0,3.2,0.8,99.4,2.4,0.4,30,0,0,0,0,,0.8,39,47.5,34,0,2.1,0,9,0,0,0,0,0
3/19/2022,0.6,0,15.6,0,54.2,0,0,3.2,0,0,0,0,0,0.4,0,1,3,0,0,0,0,0,0,0,0,0
3/20/2022,0,0,0,0,0,0,0,0,0,0,0,0,0,0,0,0,0,0,0,0,0,0,0,0,0,0
3/21/2022,0,0,0,0,0,0,0,0,0,0,0,0,0,0,0,0,,0,0,0,0,0,0,0,0,0
3/22/2022,0,0,0,0,4,0,0,4.2,0,0,0,0,0,0,0,0,0,0,0,0,0,0,0,0,0,0
3/23/2022,1,0.6,187.4,13,0,9.6,37.6,0,7,6,22,0,,0.4,0,0,0,0,17,22,0,7,12,15,15,0
3/24/2022,26,9,104.8,42,6.8,85,73.6,0,44.5,36,7,0,2,11.3,17,0,0,1,34,31,0,36,42,48,30.5,4
3/25/2022,0,0,0,0,0,0,0.6,0,0,0,0,0,0,0,0,0,1,0,0,0,0,0,0,0,0,0
3/26/2022,0,0,0,0,0,0,0,0,0,0,0,0,0,0,0,0,0,0,0,0,0,0,0,0,0,0
3/27/2022,32,19.6,25.6,44.4,10.4,324.6,60.6,9.8,53,43,15,35,20,14.8,9,8.5,8.5,21,7.1,2,12,29,33,63,39.5,46
3/28/2022,29.2,73.8,37.8,27.8,20.8,28.4,29.8,26.8,19,28,26,41.5,81,16.6,6,30,27,10,15,11,83,13,7,23,8,17
3/29/2022,2.4,0,0,0,0.2,0,0.4,0.6,0,0,0,0,0,0,2,1,,0,0,0,0,0,0,0,0,0
3/30/2022,0,0,0,0,0,0,0,0,0,0,0,0,0,0,0,0,0,0,0,0,0,0,0,0,0,0
3/31/2022,0,0,0,0,0,0,0,0,0,0,0,0,0,0,0,0,0,0,0,0,0,0,0,0,0,0
4/1/2022,6.4,0,0,1.2,55.6,0,0,2.6,0,0,0,0,0,5.4,2,10,4,0,5.2,0,18,2,1,0,2,0
4/2/2022,1,12.2,29.6,0.8,0,27.2,51.6,0,0,2,28,2,12.5,0,0,0,,2,0,12,0,3,8,2.5,10,0
4/3/2022,0.8,0,15.2,26,0,153,0,0,6,10,0,0,0,25.5,6,0,,0,0,25,0,2,1,6.5,4,0
4/4/2022,1.6,6.6,116.6,3.4,5.2,307.2,6.2,1.6,2,2,17,12,14,12.6,5,2.5,3,7,2.9,20,8,2,3,2,2,26
4/5/2022,0,0,0,0,0.8,4.2,0,0,0,0,0,0,0,86.3,0,0,,0,0,0,6,0,0,0,0,0
4/6/2022,131,48,77.4,153.6,22.6,343.2,75,39.4,27,72,61,29,52,36,50,36,39.5,13.5,86,41,70,91,68,39,49,17.5
4/7/2022,0,0.6,15,8.4,4,0,4.8,8,0,0,8,4,0,0.2,2,3,4,0,0,22,4,1,0,0,0,0
4/8/2022,0,61.2,0.8,8.4,0.8,0,0.8,0.8,0,0,0,7.5,35.5,0.6,0,0,1,6.5,0,0,3,0,0,0,0,32
4/9/2022,13.6,2.6,43.4,46.8,19.6,190.8,11.4,3,20,43,29,42,3,0,30,14.5,57.5,0,14,30,0,23,20,19,14,3
4/10/2022,0.6,0.4,0,0,0,0,0,2.2,0,0,0,0,0,40.2,0,2,,0,0,0,3,0,0,0,0,0
4/11/2022,0,7.6,0,12.8,0,0,2.6,0,0,7,0,0,8,59.3,0,0,4,0,0,0,21,3,1,0,0,8
4/12/2022,9.8,10.2,19.2,74.4,29.6,135,1.8,2.8,15,35,13,2,10,12.6,29,3,10,1,13.7,6,16,14,14,9.5,26,3
4/13/2022,1.8,0.2,0,6.6,18.4,16.6,0.4,31.8,3,6,0,2,0,28.2,4,10,7.5,0,1.2,0,45,6,3,6,4,3
4/14/2022,0,5.4,5.4,0,12,0,0.8,24.4,0,1,2,0,6,0,3,48,26.5,0,0,0,15,1,1,0,0,0
4/15/2022,0,0,0,0,13.6,0,0.2,0,0,0,0,0,0,0,0,0,0,0,0,0,0,0,0,0,0,0
4/16/2022,0,0,0,0,0,0,0,0,0,0,0,0,0,0.3,0,0,0,0,0,0,0,0,0,0,0,0
4/17/2022,51.6,0,0,4.6,0.2,4.8,0,0.2,7,5,0,0,0,0,0,0,0,0,37.2,0,0,2,4,24,6,0
4/18/2022,12.2,0,4.8,0,0,29.2,12.8,0,10,0,19,2,,0,0,0,0,0,20.2,0,0,0,4,14,7.5,16
4/19/2022,0,0,0.4,0.8,19.8,0,0,47.8,0,0,0,0,0,12.6,0,19,,0,0,0,0,0,0,0,0,0
4/20/2022,5.4,0,0,18.8,76,151.2,0,39.6,0,19,0,0,0,0,14,33.5,19,0,5.2,2,35,15,14,3,12.5,1
4/21/2022,2.8,0.8,4.2,0.6,0,123.2,3.2,0,2,1,5,0,1,3.8,0,0,1,5,0,4,0,1,1,8,2,4
4/22/2022,13.6,6.6,25.4,22.4,0.8,526.8,11.2,0.2,25,10,4,9,6,6.1,1.5,6,2,7.5,4.7,5,0,13,13,17,11,19
4/23/2022,6.8,22,4.6,5.6,38.4,708.6,21.2,16.6,8,5,8,19,24,0,7,35,19,8,40.3,15,11,7,4,5.5,5,3
4/24/2022,0,21.2,10.2,20,1.2,0,5.8,0.2,0,1,15,13,21,0,0,0,0,5.5,,0,0,0,0,0,0,0
4/25/2022,0,0.2,1.6,1.2,0,42.8,4.4,0,0,2,0,1,,10.3,2,0,0,0,0,0,0,1,1,0,1,0
4/26/2022,43,3.2,1,7.2,47.8,124.4,3.4,30,0,20,2,3.5,3.5,0.1,60,18,12,50,40.6,9,38,18,32,43.5,48,14
4/27/2022,0,1,0.6,0.4,0,0,0,0,0,0,0,1,,19.4,0,0,,0,,0,0,0,0,0,0,0
4/28/2022,25.6,12.4,14.8,1.6,3,2.4,1.8,0.6,6,12,8,11,13.5,4.7,16,24,15,26,19.5,3,58,8,9,10,11,16
4/29/2022,0,13,0,0,32.4,0,0.2,0,0,0,0,5,13,0,0,0,,0,0,0,0,0,0,0,0,0
4/30/2022,0,0,0,0,0,0,0,0,0,0,0,0,0,0,0,0,0,0,0,0,0,0,0,0,0,0
5/1/2022,2.4,0.2,0,10,61,0,0,5.8,5,0,0,1,,6.4,19,0,0,0,2.8,0,0,0,0,9,8,0
5/2/2022,0,0.4,0,5,0.2,0,0,0,0,37,0,0,0,0,0,0,32,0,0,17,17,48,0,0,0,0
5/3/2022,30,22.2,0,0.6,5.6,70,0.6,29,5,0,0,20,12,24.3,34,24,0,2.5,62,0,0,0,45,27,47,19
5/4/2022,0,0,0,0,0,2,0,0,0,0,0,0,0,0,0,0,0,0,0,0,0,0,0,0,0,0
5/5/2022,0,0,0,0,0.2,0,0,0,0,0,0,0,0,0,0,0,0,0,0,0,0,0,0,0,0,0
5/6/2022,0,0,0,0,0,0,0,0,0,0,0,0,0,0,0,0,0,0,0,0,0,0,0,0,0,0
5/7/2022,0,0,0,0,0,0,0,0,0,0,0,0,0,0,0,0,0,0,0,0,0,0,0,0,0,0
5/8/2022,0,0,0,0.2,0,0,0,0.6,0,0,0,0,0,78.1,11,15,12,0,0,0,16,0,0,0,0,0
5/9/2022,0,0,0,0,0,0,0,0,0,0,0,0,0,0,0,0,0,0,0,0,0,0,0,0,0,0
5/10/2022,0,1,0,0.2,33.4,0,0,5,0,0,0,0,1,2.8,17,23,8,0,,1,8,2,1,0,0,0
5/11/2022,20.6,6.4,0.4,0,0,53.6,1.6,0,14,9,0,2,7,4.9,13,5,12,57.5,24,9,3,16,19,9,12,50
5/12/2022,0,0.2,0,0,0,0,0.2,0,0,0,0,0,,0,0,0,0,0,0,0,0,0,0,0,0,0
5/13/2022,71.6,0,0,0,0,51,0,0,0,0,0,0,0,0,0,0,0,0,32,0,0,1,2,9,8,0
5/14/2022,0.8,0,0.6,0.2,0,15.2,0,0,4.5,7,2,0,0,0,0,0,0,0,0.9,0,0,3,3,3.5,5,0
5/15/2022,0,0,0,0,0,0,0,0,0,0,0,0,0,0,9,0,0,0,0,0,0,0,0,0,0,0
5/16/2022,0.2,0,9.2,0.2,18.4,0,5.6,9.2,2,12,19,11,0,76,70,77,90,1,11,18,14,6,2,1,3,0
5/17/2022,2,0,3.8,77.6,0,1,0,0.2,3,35,9,2,0,41.2,4,0,,9,3.1,0,20,21,15,4,25,13
5/18/2022,1.2,0,0,0.4,0,0,0,6.8,0,0,0,0,0,17.2,0,4,8,29,18,0,2,1,1,0,1,1
5/19/2022,16.4,0,0.6,1,0.6,194.4,0,0,38,3,21,11,0,4.2,6,0,,0,19,22,0,20,52,39,44,1
5/20/2022,2.4,0,0.2,2.4,0.8,62.6,3.6,1.2,0,8,0,0,0,7.2,3,1,2.5,4,4.4,9,1,1,4,0,3,4
5/21/2022,22.4,8.8,0,97.6,2.6,23.8,0.2,1.6,29,61.5,0,3,,40.6,29,7,15,7,24,0,16,68,54,40,42,15
5/22/2022,0,0,0,0,0,0,0,0,0,4,0,0,,0,0,0,1,0,0,0,0,0,0,0,0,0
5/23/2022,0,0,0,0,0,0,0,0,0,0,0,0,,0,0,0,,0,0,0,0,0,0,0,0,0
5/24/2022,0,0,0,0,0,4.8,0,0,0,0,0,0,0,0,0,0,0,0,0,0,0,0,0,0,0,0
5/25/2022,0.2,0.2,0,0.2,0,0,0,0,0,0,0,0,,0.3,0,0,0,1,,0,0,0,0,0,0,0
5/26/2022,0.2,2.2,0,0,0.4,2.4,0.2,6,0,1,0,1,3,0,0,0,,2,0.2,0,0,1,0,0,1,0
5/27/2022,0,0,0,0.4,0,0,0.2,0,0,0,0,0,0,30,0,0,,0,0,0,0,1,0,0,0,0
5/28/2022,6,3,0.6,0,0,5,26.8,0,15,44,25,10.5,9,23.7,22,13,15,23,28,26,8,23,22,31,21,21
5/29/2022,22,26,3.8,19.8,14.2,63.8,7.8,11.6,17,23,38,34,29.8,0.4,30,17,14,26,22,32,26,21,14,24.5,15.5,23
5/30/2022,0.4,1,0,4.8,0.8,11.2,4,0.4,3,2.5,6,4,1,19,2,0,,0,4.1,0,0,0,6,4,5,0
5/31/2022,3.6,0,0,3.2,8.6,0,0,0.4,0,4,0,0,0,35.8,15,4.5,4,0,2.6,0,6,4,2,0,2,0
6/1/2022,0,0,0,0.6,17.6,0,0,0.8,0,21,0,0,0,35.8,0,14,14,0,0,0,50,24,4,0,1,0
6/2/2022,0.2,0,0,0,0,0,0,0.4,0,0,0,0,0,0,0,0,,0,0,0,0,0,0,0,0,0
6/3/2022,13.4,51.4,22.8,16.2,70.8,113.2,28.6,19.2,14,14,10,6,28.5,16.6,24,47,74,46,25,21,92,18,11,28,10,47
6/4/2022,0,0,0,0,0,0,0,0,0,0,0,0,0,0,0,0,,0,0,0,0,0,0,0,0,0
6/5/2022,0,0,0,0,0,0,0,0,0,0,0,0,0,5.9,0,0,,0,0,0,0,0,0,0,0,0
6/6/2022,1,0,0,0,12,0,0,0.2,0,0,0,0,0,57.4,6,33.5,37.5,0,,0,0,0,0,1,0,0
6/7/2022,0,1.4,6.6,3.2,12.6,1.6,0.4,28.6,0,2,7,0,1.5,22.3,20,12,11.5,0,1,0,11,0,7,0,2,0
6/8/2022,4.4,5.4,1.2,0,0.4,2.2,0,,12,3,7,11,5.5,0.2,0.5,0,1,22,17,12,0,8,13,23,20,8
6/9/2022,0.8,1,0,0,4.6,1.8,2,,0,0,1,3.5,,,0,6,8,1,29,0,12,0,0,2,0,0
6/10/2022,10,31.8,3,0,4,0,24.8,0.8,3,12,11,6,33,43.1,35,15,13.5,20,9.2,11,56,24,13,6,12,1
6/11/2022,0.8,6.8,0,39,21,3.6,15,7.6,2,11,0,6,3,0.4,6,0,0,0,1,0,0,9,2,2,2,0
6/12/2022,0,0,0,0,1,0,0,0.2,0,0,0,0,0,0,22,1,14,0,3.2,0,0,0,0,2,0,0
6/13/2022,0.2,0,0,0,47.4,0,0,37,0,0,0,0,0,1.4,3,7,3,0,16,0,6,2,0,0,0,0
6/14/2022,0,0,0,0,28.4,0,0,68,0,0,0,0,0,0,0,9,4.5,0,0,0,55,0,0,0,0,0
6/15/2022,2.4,0,0,0,9.8,0,0,0.2,0,0,0,0,0,0.1,0,0,,0,0,0,0,0,0,0,0,0
6/16/2022,4.2,21.4,8.8,0,1,0,6.2,1.2,5,13.5,8,8,20.5,6,2,15.5,10,2,3.5,23,0,8,4,4,3,0
6/17/2022,0,0,0,0,6.4,0,0,0,0,0,0,0,,0.1,0,0,0,0,0,0,0,0,0,0,0,0
6/18/2022,0,0,0,0,0,0,0,0,0,0,0,0,0,3.1,0,0,,0.1,,0,0,0,0,0,0,0
6/19/2022,,0,,0,0,,0,,0,0,0,0,0,0,0,0,0,0,0,0,0,0,0,0,0,0
6/20/2022,0.2,0,0,0,0,,0,0,0,0,0,0,0,0,0,0,0,0,0,0,0,0,0,0,0,0
6/21/2022,0,0,0,0,0,,0,0,0,0,0,0,0,0.4,0,0,0,0,0,0,0,0,0,0,0,0
6/22/2022,7,0,0,34.8,0.4,,0,0,21,31,0,0,0,20.3,15,0,2,4,10.6,0,0,31,54,18.5,35,0
6/23/2022,16.8,0,0,16.4,0,,0,0,2.5,8,0,0,0,0,0,0,0,12.5,11.2,1,0,9,8,2,6,0
6/24/2022,0,0,0,0,0,,0,0,0,0,0,0,0,0,0,0,0,0,0,0,0,0,0,0,0,0
6/25/2022,0,0,0,0,4.2,,0,5.6,0,0,0,0,0,0,0,4,2,35,0,0,0,0,0,0,0,0
6/26/2022,0,0,0,0,13.4,,0,15.2,0,0,0,0,0,22.2,3,22,26,0,0,0,4,0,0,0,0,0
6/27/2022,0,0,0,0,0.2,,0,0,0,0,0,0,0,12,0,12.5,15,0,0,0,19,0,0,0,0,0
6/28/2022,2.8,0,59.6,0.4,1.4,,0,,0,43,3,0,0,9,3,0,6.5,6,1.3,3,0,17,8,1.5,3.5,0
6/29/2022,0,0,0,0,0.2,,0,,0,0,0,0,0,0.4,0,0,1.5,0,0,0,24,0,0,0,0,0
6/30/2022,0,0,0,0.2,0,,0,0,0,0,0,0,0,0,0,0,0,0,0,0,0,0,0,0,0,0
7/1/2022,0,0,0,0,0,,0,0.2,0,0,0,0,0,0,0,0,0,0,3.7,0,0,0,0,0,0,0
7/2/2022,0,0,0,0,0,,0,0,0,0,0,0,0,0,0,0,0,0,0,0,0,0,0,0,0,0
7/3/2022,4.2,5.4,2.4,0.4,0,,0.2,0.4,1,0,0,0,0,0,0,0,0,2,4.5,0,0,0,0,1,0,3.5
7/4/2022,10,11.6,8.4,7.6,1.6,,14.4,0.8,9.5,8.5,17,1,13.5,1.6,4,0,1.5,26,8.4,0,0,7,7,9.5,8.5,14
7/5/2022,0,0,0,0,0,,0,0,0,0,0,0,0,0,0,0,0,0,0,0,0,0,0,0,0,0
7/6/2022,1.4,0.6,12,6.6,0.6,,3.4,0.4,4,7,14,5,1,9.1,36,29,41,3.4,8.7,12,61,9,7,5,9,8
7/7/2022,19.2,27.8,48.2,2.6,1.2,,2.6,0.8,0,3.5,18,30,28,1.7,2,0,2.5,3,2,3,0,2,1,2,0,4
7/8/2022,0,0,0,1,0,0,0,,0,0,0,0,0,0,0,0,0,0,0,0,0,0,0,0,0,0
7/9/2022,0,0,0,0,0,0,0,0.8,0,0,0,0,0,0,0,0,0,0,0,0,0,0,0,0,0,0
7/10/2022,0,0,0,0,0,0,0,0,0,0,0,0,0,0.4,0,0,0,0,0,0,0,0,0,0,0,0
7/11/2022,0,0,0,0,0,0,0,0,0,0,0,0,0,0,0,0,0,0,0,0,0,0,0,0,0,0
7/12/2022,0,0,0,0,0,0,0,0,0,0,0,0,0,0,0,0,0,0,0,0,0,0,0,0,0,0
7/13/2022,0,0,0,0,4.8,0,,0,0,0,0,0,0,0,0,12,13,0,0,0,0,0,0,0,0,0
7/14/2022,19.8,2.8,0,0.4,90.2,0,1.6,51.6,0,0,0,0.5,1.5,1.4,62,61.5,74,4,44,0,2,1,2,1,4,0
7/15/2022,0,0,0,0,,0,0,0,0,0,0,0,0,0,0,0,0,0,0,0,0,0,0,0,0,0
7/16/2022,42.2,13.8,35,11.2,195,0,34,73,18,0,42,44,22,62,63,49.5,89,38,42,41,36,17,19,43.5,25,49
7/17/2022,9.4,22.8,35.6,22.6,61.6,102.2,22.8,9,10,9,12,13,12.5,11,8,7,7.5,9.5,3.5,11,10,1,10,11,10,10
7/18/2022,0,0,0,0,0,0,0,0,0,0,0,0,0,0,0,0,0,0,0,0,0,0,0,0,0,0
7/19/2022,0,0,0,0,0,0,0,1,0,0,0,0,,0,0,0,0,0,0,0,0,0,0,0,0,0
7/20/2022,,0,,0,0,,,,0,0,0,0,0,0,0,0,0,0,0,0,0,0,0,0,0,0
7/21/2022,0,0,0,0.4,0,0,,,0,0,0,0,0,0,0,0,0,0,0,0,0,0,0,0,0,0
7/22/2022,0,3.8,12,0,0,0,,,0,0,0,0,0,0,0,0,0,0,0,0,0,0,0,0,0,0
7/23/2022,0,0,0,1.2,1.4,0,0,,0,0,0,0,0,0.1,1,1.5,2,0,0,0,0,0,0,0,0,0
7/24/2022,0,0,0,33.4,0,0,0,0,0,0,0,0,0,34,10,0,1,0,,0,0,14,10,0,0,0
7/25/2022,3.6,0,0,3.8,37.8,0,0,32.4,0,3.5,0,0,0,48,7.5,91,77,15,1.8,0,34,3,5,0,0,4
7/26/2022,3.2,0,0,0,0.6,0,0,0.2,0,0,0,0,0,0,0,4,4,0,0,0,0,0,0,0,0,0
7/27/2022,0,0,0,0,0,,0,0,0,0,0,0,0,0,0,0,0,0,0,0,0,0,0,0,0,0
7/28/2022,0,0,0,0,0,0,0,0,0,0,0,0,0,0,0,0,0,0,0,0,0,0,0,0,0,0
7/29/2022,0,0,0,0.6,0,,0,0.2,0,0,0,0,0,0,0,0,0,0,0,0,0,0,0,0,0,0
7/30/2022,0,0,0,0,2,0,0,0.2,0,0,0,0,0,0,0,1,0,0,0,0,0,0,0,0,0,0
7/31/2022,0,0,0,0,0,0,0,0.2,0,0,0,0,0,0,0,0,0,0,0,0,0,0,0,0,0,0
8/1/2022,0,0,0,0,0,0,0,0,0,0,0,0,0,0,0,0,0,0,0,0,0,0,0,0,0,0
8/2/2022,0,0,0,0,0,0,0,0,0,0,0,0,0,0,0,0,0,0,0,0,0,0,0,0,0,0
8/3/2022,0,0,0,0,0,,0,0,0,0,0,0,0,0,5,0,0,0,,0,0,0,0,0,0,0
8/4/2022,5.6,12.6,6.8,1.2,0,,12.6,0.4,7,1,0,21.5,13,1.1,1,0,1.5,23,17.8,4,0,0,2,5,2,11
8/5/2022,14.8,13.6,4.8,7.6,11.8,,4.6,15.2,19,7,18,10,14,24,48,18.5,4.5,10.5,10.7,23,21,0,28,19,30,9
8/6/2022,0.6,0,0,0,0,,0.2,0,0,0,0,0,0,1,0,0,,0,,0,0,0,0,0,0,0
8/7/2022,2.6,0,0,2.4,7.2,,0,1.4,8,0,0,0,0,4.8,0,2,4,22.5,2.4,0,0,0,1,5,3,6
8/8/2022,0.2,0,0,4.2,90,,0,22.6,0,1,0,0,0,0.1,14,27,13,0,0,0,7,2,1,0,0,0
8/9/2022,21.6,17,0,0,1.6,,0,0.2,0,0,0,6.5,17.5,0,0,0,0,14,9.3,0,0,0,0,0,0,28
8/10/2022,0.2,0,0,0,0,,0,0,0,0,0,0,0,0,0,0,0,0,0,0,0,0,0,0,0,0
8/11/2022,0,0,0,0,0,,0,0,0,0,0,0,0,0,0,0,0,0,0,0,0,0,0,0,0,0
8/12/2022,0,0,0,0,0.6,0,0,21.4,0,0,0,0,0,0,0,1,,0,0,0,0,0,0,0,0,0
8/14/2022,0,0,0,0,0,0,0,0.4,0,0,0,0,0,0,0,0,,0,0,0,0,0,0,0,0,0
8/15/2022,0,0,0,0,0,0,0,0,0,0,0,0,0,0,0,0,,0,0,0,0,0,0,0,0,0
8/16/2022,0,0,0,0,0,0,0,0,0,0,0,1,,4.3,3,0,0,0,5.4,0,0,0,0,0,0,0
8/17/2022,1.8,0,3.6,24,67.8,5,0.6,53.2,5,6,0,6,0,21.7,13,19,2,8,5.2,0,6,0,5,7,4,2
8/18/2022,12.8,0,0.2,1.2,61,0,0.2,1.8,0,0,0,0,0,0,30,1,,0,20.4,0,0,2,2,1,2.5,0
8/19/2022,0,0,0,0.4,0,0,0,0,0,0,0,0,0,0,0,0,0,0,0,0,0,0,0,0,0,0
8/20/2022,0,0,0,0,0,0,0,0,0,0,0,0,0,0,0,0,0,0,0,0,0,0,0,0,0,0
8/21/2022,0,0,0,0,0,0,0,0,0,0,0,0,0,0,0,0,0,0,0,0,0,0,0,0,0,0
8/22/2022,0,0,0.4,120,62.6,0,0,40.6,0,0,0,0,0,32.8,0,17.5,21,0,0,3,0,3,0,0,0,0
8/23/2022,0,0,0,0.8,2,0,0,0,0,0,0,0,0,0,0,0,0,0,0,0,6,0,0,0,0,0
8/24/2022,0,0,0,0.6,8.4,0,0,0,0,0,0,0,0,0,0,7.5,7,0,0,0,1,0,0,0,0,0
8/25/2022,0,0,0,0,0,0,0,0,0,0,0,0,0,0,0,0,0,0,0,0,0,0,0,0,0,0
8/26/2022,0,0,0,0,0,0,0,0,0,0,0,0,0,0,0,0,0,0,0,0,0,0,0,0,0,0
8/27/2022,0,0,0,0,0,0,0,0,0,0,0,0,0,0,0,0,0,0,,0,0,0,0,0,0,0
8/28/2022,0,0,0,20.2,24.6,0,0,23.8,0,12.5,0,0,0,0.3,0.3,1.5,4,0,4,1,14,6,5,0,3,1.5
8/29/2022,0,0,0,0.6,5.8,0,0,2,0,0,0,1,0,0,35,9,13,0,7,0,4,2,2,0,4,0
8/30/2022,0,0,0,0,0.4,0,0,4.4,0,0,0,0,0,2,0,2,9,0,0,0,6,0,0,0,0,0
8/31/2022,0,,0,0.2,0,0,0,0,0,0,0,0,0,0,0,0,0,10.5,0,0,0,0,0,0,0,0
9/1/2022,0,,0,0,0,0,0,0,0,0,0,0,0,0,0,0,0,0,0,0,0,0,0,0,0,0
9/2/2022,0.2,1.8,0,0,0,0.4,0.2,0,0,0,0,1,0.4,0,0,0,0,6,0.7,0,0,0,0,0,0,0
9/3/2022,0,0,0,0,14.6,0,0,53.6,0,0,0,0,0,0,0,1,3.5,0,0,0,5,0,0,0,0,0
9/4/2022,0,0,0,0,0,0,0,0.2,0,0,0,0,0,0,0,0,,0,0,0,0,0,0,0,0,0
9/5/2022,7,0,0,7,1.6,0,0,0,0,0,0,0,0,0,0,0,0,1,0,0,0,0,0,3,0,0
9/6/2022,0,0,0,1,0,0.2,0,13.8,0,1,0,0,0,9,0.8,9.5,11,0,1.8,0,0,0,0,0,0,0
9/7/2022,0,0,12.8,,,0,5.8,1.2,3,4.5,7,0,0,16.6,0.3,9,4,8.5,0,5,0,2,0,3,0,0
9/8/2022,8.6,30.6,12,,,2,29,1.2,9,80,24,50.5,33,17.6,63,61.5,73,60,28,14,18,120,118,21,122.5,32
9/9/2022,1.4,1.2,1.8,,0,2.4,7.8,9.4,2,2,0,2,1.8,4.4,7,15,16,0,1.5,0,2,3,3,4,2,0
9/10/2022,62.6,1.2,10.2,0,,15,2.4,0,73,80,7,7,2.8,82.4,34,41.5,47,20,62,38,37,76,67,74,59,75.5
9/11/2022,0,0.2,0,,,0,0,,0,0,0,0,0.2,14.4,8,15,28,8,,0,61,0,0,0,0,0
9/12/2022,22,1.4,0,,,20,0.6,,22,32.5,0,1,1.4,0,12,0,,1.5,19,0,4,17,17,22,9.5,8
9/13/2022,0.2,0,0,,-1.4,4.4,0,4.6,0,0,0,0,0,32.6,1,13.5,32,0,0,0,10,0,2,0,6,7
9/14/2022,0,0,0,,14,0,0,33.4,0,0,0,0,0,2.8,15,0,10.5,0,0,0,0,0,0,0,0,0
9/15/2022,0,0,0,,0,0,0,0.8,0,0,0,0,0,0,0,0,0,0,0,0,0,0,0,0,0,0
9/16/2022,0,0,0,0,0,0,0,0.6,0,0,0,0,0,0,0,0,0,0,0,0,0,0,0,0,0,0
9/17/2022,0,0,0,1.4,0,0,0,0,0,1.5,0,0,0,13,2.5,0,,0,,1,6,2,0,0,0,0
9/18/2022,0,0,0,0,0,0,0,1.2,0,0,0,0,0,0,0,0,0,0,17,0,0,0,0,0,0,0
9/19/2022,5.6,0,3,0,0,0.8,2.6,0.2,5,0,0,0,0,0,0,0,0,0,0,0,0,0,1,9,2,0
9/20/2022,0,0,0,0,0,0,0,19.8,0,0,0,0,0,0,0,2,3.5,0,0,0,0,0,0,0,0,0
9/21/2022,0,0,0,0,9,0,0,12.2,0,0,0,0,0,,0,19,13.5,3,0,0,14,0,0,0,0,0
9/22/2022,0,0,0,2,5.2,0.2,17,0.8,0,56,0,0,0,2.2,34,0,3,0,0,0,0,28,10,0,7,0
9/23/2022,11,10.6,20.4,11.2,39.4,17.4,29.8,9.8,8,11,23,2,10.6,1.8,9,1,11,0,25,21,5,11,12,9,14,3
9/24/2022,3,0,0,0,41.6,0,0,73.6,0,0,0,0,0,0.4,3,22.5,45.5,1,2.8,0,3,2,1,3,3,5
9/25/2022,0.2,0,0,0,0,0,0,0,0,0,0,0,0,0,0,0,0,0,0,0,0,0,0,0,0,0
9/26/2022,0,0,0,0,0,0,0,0,0,0,0,0,0,0,0,0,,0,0,0,0,0,0,0,0,0
9/27/2022,0,0,0,0,0.6,8.8,0,7.2,9,0,8,1,0,0.1,0,3,0,5,4.4,7,7,16,16,3,16,7
9/28/2022,,0,,0,0,0,,0,0,0,0,0,0,0,0,0,0,0,0,0,0,0,0,0,0,0
9/29/2022,6.4,0,8.4,0.2,0,0,14,1,0,0,0,0,0,0,0,0,,0,0,0,0,0,0,0,0,0
9/30/2022,0,0,0,0.2,0,0,0,0,0,0,0,0,0,0,0,0,0,0,0,0,0,0,0,0,0,0
10/1/2022,0,0,0,1.2,0,0,1.8,0,0,2,0,0,1,0,0,0,0,0,0,5,0,0,0,0,0,0
10/2/2022,36,0,0,0,3,0,0,48.4,0,0,0,0,0,0,5,18,4,9,63,0,0,0,0,0,0,2.1
10/3/2022,11.2,32.2,27.6,1,3.2,30.6,64.4,2.2,19,2,23,22,32.2,23,3,3,1,4.5,7.1,34,38,5,5,9,3,10
10/4/2022,1.8,0,1.2,2.2,1.8,1.4,0.4,4.8,3,6,0,0,0,30.7,22,25,25,1.2,,4,16,5,5,3,4,3
10/5/2022,10.8,15.2,12.4,48,87,21.2,67.2,40.2,25.5,57,8,11.5,19.8,5.8,80,90,145.5,21,51,27,35,68,53,15,39.5,18
10/6/2022,2.2,0,0,0,0.4,0,0.4,1.4,0,1,0,1,0,2,3,2.5,12,0,,0,0,0,1,0,0,0
10/7/2022,12,2.6,77.8,56.8,112.4,32.2,58.6,28.8,26,77,69,9,3.6,55.2,15,138,178,16,11,24,32,32,22,21,21,29
10/8/2022,8.4,2.8,1.2,8,8.2,2,7.2,8.8,10,10,2,2,2.8,55.6,23,14.5,22,2,6.7,5,77,9,4,4,2.5,1
10/9/2022,0,0.6,0,0.4,5.4,0,0,2.4,0,1,0,1,2.2,0.2,3,1,1,0,0,0,0,1,0,0,0,0
10/10/2022,0,0,0,0.2,0,0,0,2.6,0,0,0,0,0,0,0,0,,0,,0,0,0,0,0,0,0
10/11/2022,0,0,0,0,0,0,0,0.2,0,0,0,0,0,,0,0,0,0,0,0,0,0,0,0,0,0
10/12/2022,4.8,0,14,18,9,12,4.2,19.8,16,76,16,1,0,3.4,18,1.5,1,4.5,4.2,19,3,31,22,9,22.5,9
10/13/2022,0,0.2,0,0.6,0,0,0,2.8,0,1,0,0,0.2,1.9,0,5.5,0,0,,5,51,0,0,0,0,0
10/14/2022,13.2,1,5.6,7,20.2,2.8,3.6,25.8,21,9,12,18,1.4,6.8,42,51.5,40,5.5,59,4,28,31,32,31.5,27,8
10/15/2022,0,0,0,0,0.2,0,0,0,0,0,0,0,0,0,0,0,,0,0,0,1,0,0,0,0,0
10/16/2022,27,0,0,1.4,15.4,13.6,0,13.6,33,4,0,0,0,2.1,64,34,39,0,25,0,0,40,36,27,31,14.5
10/17/2022,0.6,0,1,0.4,0,7.6,0,0,0,0,11,0,0,,1.5,0,,1,2.7,0,0,12,10,2,7,2
10/18/2022,0,0,1.4,0,19.2,0,0,48.8,0,0,6,0,0,0,0,0,2,0,0,0,0,0,0,0,0,2
10/19/2022,0,0,0,0,0.8,0,0,3.2,0,0,0,0,0,0,0,0,0,16,0,0,0,0,0,0,0,0
10/20/2022,16.6,24.8,10.2,1.8,2.6,7.2,0.6,9.2,14,2,13,0,25,7.6,13,13,13,10,20,3,34,9,23,13.5,31.5,15
10/21/2022,0,0.8,0,0,4.8,0,0.8,0.6,0,0,0,0,0.8,5,20,9.5,12,0,7.1,0,60,0,0,1,0,0
10/22/2022,0,0.2,0,0,0,0,0.4,0,0,1,0,0,0,0.5,0,0,,0,0,0,0,0,0,0,0,0
10/23/2022,-0.2,20,37.4,13.4,57.4,26.2,55.8,7,28,14.5,40,39,24.5,48.4,9,51.5,27,4.5,15,54,12,14,12,18,13,51
10/24/2022,0,0.2,0.2,0,0,0,0,0.2,0,0,0,0,0.2,,0,0,,2,,0,0,0,0,0,0,0
10/25/2022,0,0,0,0,0,0,0,0,0,0,0,0,0,,0,0,,0,0,0,0,0,0,0,0,0
10/26/2022,3.6,6.8,10.8,12.6,9.2,12.4,11,16,14,21,14,9,11.5,17.8,20,18.5,19,13,26,25,14,22,17,22,14,2
10/27/2022,0,0.4,0,0,0,0.2,0.2,0,0,0,0,0,0.4,0,0,0,0,0,0,0,0,0,0,0,0,0
10/28/2022,0,0,0,0.4,0,0,0,0,0,0,0,0,0,0,0,0,0,0,0,0,0,0,0,0,0,0
10/29/2022,,0,0,0.2,0,0,0,0,0,0,0,0,0,0,0,0,0,0,0,0,0,0,0,0,0,0
10/30/2022,,0,0,0,0,0,0,0,0,0,0,0,0,0,0,0,0,0,0,0,0,0,0,0,0,0
10/31/2022,0,0,0,0,0,0,0,0,0,0,0,0,0,0,0,0,0,0,0,0,0,0,0,0,0,0
11/1/2022,0,0,0,0,0,0,0,1.6,0,0,0,0,,0,0,0,,0,0,0,8,0,0,0,0,0
11/2/2022,0,0,0,0,0,0,0,0,0,0,0,0,0,0,0,0,0,0,0,0,0,0,0,0,0,0
11/3/2022,13.8,0,0,0,5.2,0,0,1.2,0,0,0,0,0,1.7,2,1.5,2,18,53.2,0,2,0,0,2,0,44
11/4/2022,0,0,0,0,4.8,0,0,4.8,0,0,0,0,,29,1,41,27,0,0,0,18,0,0,0,0,0
11/5/2022,13.4,0,0.2,29.2,2,0,0,33,39,39,12,0,,2.4,39,20,17,14.5,81.3,0,14,69,65,70,64,8
11/6/2022,0,0,0.2,0,45.4,0,0,23.6,0,0,0,0,0,7.6,34,56,56,0,,0,27,0,0,0,0,0
11/7/2022,50.6,3.2,1.8,2,0.2,1.6,3.6,1.6,2,5,3,5,4.5,4.2,50,2,25,25,42,3,3,3,9,0,6.5,12
11/8/2022,0,14.6,16.6,18,1.8,0.8,7,0.8,0,19,22,0,13.5,8.8,53,4.5,7.5,0,0,35,7,26,4,0,4,0
11/9/2022,1.6,0,0.2,16,1.6,7,17.6,0.2,19,18,0,0,,11,3,3,7,4,2.2,7,6,25,29,21,32,0
11/10/2022,0.2,0,0.2,0,0,0,0.2,1.2,0,0,0,1,,0,0,0,1.5,0,0,0,0,0,0,0,0,5
11/11/2022,0,13.2,11.4,2.6,0,3.2,25.8,0,6,5,12,8,,0,7,0,,7,1.8,0,0,6,5,7,9.5,8.5
11/12/2022,0,0,0.2,0.2,0.6,0,0,0,0,1,3,6.5,48.5,0,1,0,,1.5,0,0,0,5,1,0,0,0
11/13/2022,0,53.6,33.8,0,2.6,0,14.6,10.2,0,25,24,11,,66.6,1,3,4,0,9.3,50,51,4,3,0,3,0
11/14/2022,0,1.2,0.6,0.4,4.2,0,0,1.2,0,0,0,0,0,0.8,7,0,0,0,0,0,15,0,0,0,0,0
11/15/2022,0,0,0,0.4,0.6,,0,0,0,2,0,0,0,0.2,1,1.5,2,0,0,0,36,0,0,0,0,0
11/16/2022,0,0,0,0,0.6,0,0,0,0,0,0,0,0,0,0,1,,0,0,0,0,0,0,0,0,0
11/17/2022,38,1.2,44.8,17.4,2.8,35.2,42,3,46,60,37,40,25,62.4,37,18,26,26,44.3,66,25,58,48,49,48,42
11/18/2022,17.8,6.4,6.8,6.6,8.8,2.8,24,20.2,12,7,10,7,0,8.4,9,7,12,12,10.6,7,26,8,8,10,6,13
11/19/2022,0,0.8,0.2,0.2,0.2,0,0,0.4,0,0,0,0,14,0,0,0,,0,0,0,0,0,0,0,0,0
11/20/2022,0,0,0,1,0,0,0,0.2,0,1,0,0,0,0,0,0,0,0,0,0,0,1,0,0,0,0
11/22/2022,0,0,0,0,0,0,0,0,0,0,0,0,1,0,0,0,,0,0,0,0,0,0,0,0,0
11/24/2022,0,0,0,0,0,0,0,0,0,0,0,12,0,0.3,0,1.5,0,0,10.7,0,5,10,11,2,10,0
11/25/2022,0,0,0,0.2,0,0,0,0.2,0,0,0,0,,1.2,0,2,,0,0,0,0,0,0,0,0,0
11/26/2022,0,0,0,0,0,0.6,0.6,0.4,0,0,0,0,2,0.2,0,0,0,0,0.7,0,25,0,0,0,0,0
11/27/2022,8.2,1.2,0.4,2.2,1,14,0.4,0.2,22,3,3,2,,16.8,2,9,0,2,2.2,0,6,16,25,36,24,9.5
11/28/2022,-0.4,0,0,26.8,16,,0,9.6,28,29,0,0,,0.2,1.5,36,36,0,0,0,15,45,37,39,28,6
11/29/2022,7,12.2,24.4,7,81.2,29.6,11.2,77.8,38,10.5,32,18,16.5,54.2,49,71,50,37,21.9,36,78,23,27,21,27,23
11/30/2022,0,0.2,0,0,0.4,0,0,0,0,0,0,0,0,0.5,0,0,0,0,,0,0,0,0,0,0,0
12/1/2022,0.4,0,0,0,33.8,0,0,11.8,0,0,0,0,,0.8,9,14,7,0,0,0,0,0,0,0,0,0
12/2/2022,0,0,0,0,16.8,0.2,0,8.2,2,3,0,0,,5,50,14.5,6,0,4.6,0,23,5,4,3,4,0
12/3/2022,0,0,0,0.2,0,5.6,0,0,0,0,0,0,0,6,0,0,0,0,0,0,30,0,0,0,0,0
12/4/2022,2.6,0,0,0,0,0,0,33.4,0,0,0,0,0,0.2,0,12,0,0,2.5,0,23,3,0,12,2,12
12/5/2022,0.2,0,0,0,0.2,0,0,0.4,0,5.5,0,0,0,0,0,12.5,37,0,0,0,2,0,1,0,0,0
12/6/2022,0,0,0,0.4,0,0,0,1,0,0,0,0,,0,3,12,11.5,0,0,0,0,0,0,0,0,0
12/7/2022,0,17.8,1.4,5,15.2,0,4.8,2.6,0,6,0,0,19,55,12,20.5,33,0,0,4,57,13,30,0,23,0
12/8/2022,0,0,0,0,0,40.2,0,0,0,0,0,1,31,0,0,0,0,4.5,0,0,0,0,0,0,0,0
12/9/2022,0,28,1,0.4,0,4.4,3.4,0,0,1,3,15,0,4,0,1,2,0,0,5,20,0,0,0,0,0
12/10/2022,4.8,3.8,15,32,2,8,1.2,2.2,6.5,49,0,8.5,0,32,16,12,29,3,4.5,22,24,21,32,18,20,6
12/11/2022,0,9.2,5.2,0.4,0.2,0,26.6,0,0,1,5,1,4,,0,0,,0,0,39,0,0,0,0,0,8
12/12/2022,0,0.2,0,0,0,0,0.2,0,0,0,0,0,63,0,0,0,0,0,0,0,0,0,0,0,0,0
12/13/2022,0,0.2,0.2,0,0.4,0.2,0.2,1,0,0,41,22,,52,0,1,10.5,0,0,40,15,1,0,0,0,0
12/14/2022,0,0,0,0.2,0.2,0,0,0,0,0,0,0,,0,0,0,0,0,,0,0,0,0,0,0,0
12/15/2022,0,0,0,0,0,0,0,0,2,0,0,0,,0,0,0,0,0,14,0,0,1,5,8,2,0
12/16/2022,0,0,0,0,0,0,0,0,0,0,0,0,,0,0,0,0,0,0,0,0,0,0,0,0,0
12/17/2022,2.8,1.4,3.2,21.6,47.2,0.6,2,22.6,2,23,0,3,,11,0,55,8,0,2.9,14,38,29,23,10,21.5,0
12/18/2022,2.4,0,0,0.2,0.4,0.2,0.2,0.2,0,15,0,0,,14,0,1,2,6,2.4,10,0,17,10,0,2,0
12/19/2022,6,0.2,8.2,14.8,0,0,4.6,0.2,2,15,4,0,,44,1,0,,0,6.5,3,27,22,18,5,10.5,0
12/20/2022,0,0,0,0,0,0,0,15.6,0,0,0,0,,0.2,0,1,1,0,0,0,4,0,0,0,0,0
12/21/2022,1.4,0,0,8.4,0,0,0,0,0,12,0,5,,6.3,8,11.5,63,0,29,0,8,2,1,0,2,0
12/23/2022,0,5.4,4.6,5,0.6,5.4,3,0.4,38,10,29,30,,37,17,41.5,70.5,13,19,14,36,12,9,32,8,14
12/24/2022,4,0,0.2,3.6,0.4,0,0,0.2,3,6,0,0,,0,11,2.5,18,0,,0,7,2,2,3,2,0
12/25/2022,0.4,0.2,0.2,0.6,6.2,0,0.2,6.2,15,11,10,0,,10,7,13.5,13,0,15,7,8,16,15,11.5,4,0
12/26/2022,7.6,26.2,6.4,4.6,2.2,4,7,1.6,11,8,7,19,,6.7,0,5,5,8.5,9.7,11,22,9,8,11,15,11
12/27/2022,2.4,3.4,0.6,4.2,3.6,0.6,1.6,5.4,8,10,6,3,,4.1,19,8,6,5.5,5.8,9,8,12,9,7,9,0
12/28/2022,0,0,0,0,0.4,1.8,0,0,0,0,0,0,,,0,1,,0,0.5,0,0,1,1,0,0,0
12/29/2022,18.4,17,2.6,13.4,8.8,11.6,2.2,12.4,23,26,35,23,,19,25,17.5,16,48,29,25,13,27,24,30,21,27
12/30/2022,1.4,2.2,0.6,2.4,3.6,,0.6,4.8,2,3,0,4,,6.7,7,7.5,8,5,4.4,0,15,4,4,3,3,0
12/31/2022,3.2,33.6,4,0.8,0.8,,8.4,0.6,3,5,12,35,,4,25,6,5,6,5.1,14,8,8,7,6,5,7
1/2/2023,11,279.4,67.6,43,11.2,26.6,15.8,4.8,23,19,41,137,111,6.9,12,7,12,81,13,21,3,19,18,22,12,71
1/3/2023,0,0,0,0,0,0,0.4,2,0,0,0,0,1.8,2.6,0,7,4.5,0,,0,0,0,0,0,0,0
1/4/2023,1,0.4,0,0.6,0.4,0,0,0.8,3,0,0,3,6,1.4,3,5,4,4,2.3,0,5,5,0,3,0,4
1/5/2023,0,20.6,0,16,3.4,,1,0.2,30,82.5,43,29,30.2,79.6,104,49.5,118,15,25,49,13,68,55,31,48,21
1/6/2023,-0.4,6.4,0.6,0,0,,3.4,0.2,3,7,0,8.5,6.6,1,2.5,0,,0,0,0,0,10,9,4,5,0
1/7/2023,0,0,0,0,0,0,0,0,0,0,0,0,0,0,0,0,0,0,0,0,0,0,0,0,0,0
1/8/2023,0,0,0,0,0,0,0,0,0,0,0,0,0,0,0,0,0,0,0,0,0,0,0,0,0,0
1/9/2023,0,0,0,0,0,0,1.8,0,0,0,0,4,0,0.3,0,0,0,3,0,0,0,0,0,1,0,2
1/10/2023,0,0,0,0,0,0,0,0,0,0,0,0,0,0,0,0,0,0,0,0,0,0,0,0,0,0
1/11/2023,0,0,0,0,0,0,0,0.6,0,0,0,0,0,,0,0,,0,0,0,0,0,0,0,0,0
1/12/2023,0,0,0,0,0,0,0,0,0,0,0,0,0,0,0,0,0,0,0,0,0,0,0,0,0,0
1/13/2023,0,0,0,0,0,0,0,0,0,0,0,0,0,0,0,0,0,0,0,0,0,0,0,0,0,0
1/14/2023,0,0,0,0.2,6.6,0,1.6,5,0,0,0,1,0,5,0,9,10.5,0,0,0,22,0,0,0,0,0
1/15/2023,0,0,0.2,0,0,0,0,0,0,0,0,0,0,0,0,0,0,0,0,0,0,0,0,0,0,0
1/16/2023,0,0,0,0.2,0,0,0,0,0,0,0,0,0,0,0,0,0,0,0,0,0,0,0,0,0,0
1/17/2023,0,0,0,0,0,0,0,0,0,0,0,0,0,0,1.5,0,0,0,0,0,0,0,0,0,0,0
1/18/2023,0,0.6,0,0,0,0,0,0,0,0,0,0,0.6,0,0,0,0,0,0,0,0,0,0,0,0,0
1/19/2023,0,24.2,2.8,0,15.2,0,16.6,15.4,0,0,3,4,25,16,0,27,8,3,,7,3,1,1,0,0,0
1/20/2023,0,0.2,0,0,0,0,0,0,0,0,0,0,0.4,,0,0,0,0,0,0,0,0,0,0,0,0
1/21/2023,2,1,7.6,12.2,0,0,10.4,0,0,17,3,9.5,1.4,1.9,0,0,2,0,0,12,0,13,0,6.5,2,0
1/22/2023,0,0,0,0.2,0,0,0,0,0,0,0,0,0,0.6,0,0,0,0,0,0,0,0,0,0,0,0
1/23/2023,0,0,0,0,0,0,0,0,0,0,0,0,0,0,0,1,,0,0,0,0,0,0,0,0,0
1/24/2023,0,0,0,0,0,0,0,0,0,0,0,0,0,0,0,0,,1,0,0,0,0,0,0,0,0
1/25/2023,0,0,0,0,0,0,0,0,0,0,0,0,0,0,1,0,0,0,0,0,0,0,0,0,0,0
1/26/2023,0,0,2,0.2,0.2,0,0.6,2.4,2,1.5,0,0,0,0.2,0,0,,1,0.6,0,0,2,2,0,1,0
1/27/2023,17.6,5,8.8,1.2,0.2,0,1,0.2,13,4,4,8,5.4,3.6,2,0,,0,4.1,5,0,11,4,14,3,0
1/28/2023,12.4,16.8,28.6,8.8,3,0,29,1.6,14,11,43,28,21,7.8,8,4,7,28,17,28,2,13,13,20,15,19
1/29/2023,21.2,4.6,12.4,18,3.6,0,11.6,2.8,18,25,15,12,6.4,25,22,15,21.5,32.5,16,10,21,27,27,32,19,33.5
1/30/2023,0,0.2,0,0,0,0,0.2,0.2,0,0,0,0,0.2,,19,0,,0,0,13,0,2,0,0,0,0
1/31/2023,0.4,0,0,0.2,0,0,0,0,0,0,0,0,0,3.6,0,0,0,1.5,1.5,0,0,0,0,0,0,0
2/1/2023,2.8,0.4,2,2,1.4,0,1.2,0,0,3,0,1,,4,22,4,6.5,4,1.3,2,0,4,4,2,4,0
2/2/2023,47.8,73.8,52.8,4.6,2.4,,48,2.4,32,12,52,77,,5,5,4.5,2,62,17.8,33,4,14,12,48,10,68
2/3/2023,12.8,,23.2,11.2,27,,33,30.2,16,15,38,13,,18,17,44,37,33,18.4,12,42,17,16,16,17,26
2/4/2023,0.4,,0.2,0,0,0,0,0.2,0,0,0,0,,0.4,0,0,1,1,0,0,0,0,0,0,2,0
2/5/2023,0,,0,0,9.4,0,0,4.8,0,0,0,0,,22,0,6.5,,0,0,0,6,0,0,0,0,0
2/6/2023,1.4,,0.4,0.4,0.2,0,6.8,0.2,3,0,6,2,,,0,0,0,0,3.8,0,0,1,0,3,0,0
2/7/2023,0,,0,0,0,0,0,0,0,0,0,0,,0,0,0,0,0,0,0,0,0,0,0,0,0
2/8/2023,58.6,,32.8,33.8,79.6,0,50.4,10.2,35.5,49,43,29,,27,28,106,70,10,68.2,55,12,48,56,69,60,33
2/9/2023,0,0,0,0,0,3.6,0.2,0,0,0,3,6,,0,0,0,0,0,0,0,0,0,0,0,0,2
2/10/2023,1.8,0.4,0,0,6.2,0,0,2.2,4,2,10,7,14.7,2.2,0,4.5,3.5,8,5.5,11,8,3,2,10,3,5
2/11/2023,20.4,16.8,12.6,30.4,1,16,9.2,1,26,43,25,9.5,22.2,25,45,20.5,24.5,4,39.1,59,4,39,23,27,22,12
2/12/2023,28,29,26.6,31,43.4,31,22.6,46.6,46,37,26,30,38.7,49,42,49,63.5,31,49.4,35,38,37,32,34,30,34
2/13/2023,1.4,1.2,1.6,1.4,2.6,4,1.8,2.2,3,2,2,2,0,2.7,0,4.5,5,4,1.3,0,0,4,2,2,2,1
2/14/2023,5.2,0.4,11.6,0.6,5.4,2.2,11.8,0,7,7,0,0,9.6,9.5,0,10,9,1,9.6,5,0,5,3,10,3,0
2/15/2023,0,0,0,0,0,0,0,0,0,0,0,0,0,0,0,0,1,0,0,0,0,0,0,0,0,0
2/16/2023,0,5.4,7.6,2.8,0,18.4,3.6,0,8,3,7,5,7.8,0,0,0,,17,0,9,0,4,3,0,1,0
2/18/2023,0,0.4,0,0.2,0,0.2,0,0,0,0,0,1,0,0,0,0,,0,14.3,0,0,0,0,0,0,0
2/19/2023,0,4.6,26,0,13.6,3.8,7.4,3.6,3,0,0,1,5,3.1,0,16,17,0,0.4,4,12,0,1,6,0,4
2/20/2023,4.8,3,1.2,0.8,11.8,1.2,0,39.6,0,1,0,0,2.8,5.6,0,4.5,35,0,2.1,0,72,0,0,0,0,0
2/21/2023,1,3.4,4,0.2,0,19.4,7.4,1,7,0,2,4,3.9,0,1,0,,3,,0,2,0,0,1,0,0
2/22/2023,9.4,11.8,26.4,13.8,3.4,51.2,11.2,4.4,9,9,16,13,13.5,5.3,5.8,3.5,5.5,36,,9,2,8,7,16,7,27
2/24/2023,50.2,0,,0,,,0,0,63,52,58,62.5,115,26,59,50,39.5,41,,55,43,43,38,60,46,57
2/25/2023,74.8,40.2,41.6,81,159,29,20.2,82,47,71,66,58.9,64.4,84,43,55.5,34,64,,68,37,78,69,76,51,66
2/26/2023,0.4,0,0,0.4,0,,0,0,15,40,38,20,29.9,12,18.5,9,17.5,24,,38,6,36,37,34,34.5,30
2/27/2023,53.4,31.2,34.4,210.4,154,,25.2,24,22,84,42,49,50,71,86,84,58,34,,57,105,64,62,59,65,31
2/28/2023,20.8,12.2,35,33,5.4,6.4,7,12.4,12,22,15,16,15.5,23,33,12,8,38,,16,17,24,24,22,21,24
3/1/2023,4,9,30,103,5.6,88,5.8,20.6,12,29,12,5,11.7,9.2,3,5,9,5.5,6.7,53,3,27,25,11,19,8
3/2/2023,62,50.6,112.4,25.2,7.8,755,46.2,8.6,51,30,80,55.5,72,33.1,17,11.5,10,95,72.5,31,8,34,39,75,37,96
3/3/2023,1,2,4.2,1.6,9,7.6,1.2,0.8,2,3.5,4,6.5,12,0,7.5,6.5,5,6.5,20.8,3,5,3,4,4,2,4
3/4/2023,0,0,0,0,0,33.8,0,0,29,98,30,14.5,18.5,15.2,83,1.5,2,0,42.1,79,0,82,62,44,45.5,4
3/5/2023,0,0,0,0,0,0,0,0,3,14,0,1.5,0,7,7,1.5,9,4,5.3,6,0,14,11,5,7,3
3/6/2023,1,1.6,1.6,30.2,5.4,0,7.4,1.8,2,8,0,2,1.7,9.8,14,12.5,13.5,8.5,5.5,4,2,9,8,4,6,1
3/7/2023,0.6,0,0,0,0,0,0,0,0,0,0,0,0,0,0,0,6,0,0,0,0,0,0,0,0,0
3/8/2023,10.6,52.8,0.2,27.2,0,10,8.2,0,5,17.5,32,22,52.1,0.8,0,0,0,0,2.3,29,0,1,0,7,0,23
3/9/2023,15,3.8,10.4,21.8,1,84.6,32,0,8,6,33,6,4.9,11.6,2,0,7,39,14.2,15,0,12,8,17,8,40.5
3/10/2023,24.2,9.8,31.2,7.2,5.4,66.4,38,1.6,3,0,48,8,5.5,0.3,0,3.5,6,21,7.1,14,0,7,9,10,10,5
3/11/2023,0,0,0.6,2,3,0,2.2,4.8,0,4,2,0,0,29.6,0,10,38,0,0,12,25,1,0,0,0,0
3/12/2023,6.4,0,0,0.4,0,0,0,15.2,0,0,0,0,0,1.2,0,1,,1,37.2,0,0,0,0,0,1,0
3/13/2023,0.2,1.8,0,0,0.8,0,0,1,0,1,0,0,0,2.2,0,1.5,6,0,20.7,0,28,0,0,0,0,15
3/14/2023,0.4,64.4,23,0.8,0,0,14.8,0.4,0,1,35,32,76.5,0.2,,2,,0,3.2,12,16,1,2,9,5,0
3/15/2023,4.2,31,9,15.2,16.6,3.2,2,40.4,10,0,16,32,5.7,56.8,48.5,76,100,60,25.1,13,20,23,31,17.5,28,24
3/16/2023,1,2,1.8,2.6,3.8,22.4,39.4,2,3,2,12,16,0,4.4,0,7,5,17,0.5,45,50,2,0,1,1,4
3/17/2023,0,0.2,0,0,0,0,0,0,0,0,0,0,0,0,0,0,0,0,0,0,0,0,0,0,0,0
3/18/2023,0,0,0,0,5.6,0,0,0,0,0,0,0,0,,,8.5,16.5,0,0,0,0,0,0,0,0,0
3/19/2023,0,0,0,0,0,0,0,0,0,0,0,0,0,0,1,0,0,0,0,0,0,0,0,0,0,0
3/20/2023,0,0,0,0,0,0,0,0,0,0,0,0,0,0,0,0,0,0,0,0,0,0,0,0,0,0
3/21/2023,0,0.4,0,0,3.8,0,10.6,28.8,0,0,0,1,0,0,0,4,0,7,0,0,0,0,0,0,0,0
3/22/2023,0,0,0,0,0,0,0,0.2,0,0,0,0,0,3.2,0,0,5.5,0,0,0,0,0,0,7,0,0
3/23/2023,0,0,0,6.4,0,0,0,0,12,3.5,0,0,0,0.1,11,0,0,0,0.5,0,0,0,1,14,0,0
3/24/2023,0,0,0,0,0,0,0,0.4,0,0,0,0,0,0,0,12.5,14.5,0,0,0,3,0,0,0,0,0
3/25/2023,0,0,0,0,0,0,0,0,0,0,0,0,0,0,0,0,,0,0,0,0,0,0,0,0,0
3/26/2023,7.2,26.8,24.4,198.6,4,0,33.6,3.8,36,43.5,30,12.5,30.5,35.6,3,10.5,6,8,25.9,33,7,27,15,36,11,0
3/27/2023,0,0.2,0,10.6,17.8,0,0,2,0,3.5,0,0,0,0.3,6,5,,0,,0,0,9,9,0,3,0
3/28/2023,11.4,0,0.4,10,19.8,0,0,2.2,2,3,0,2,0,31.3,3,26,27,15,6.2,6,10,4,4,6,3,3
3/29/2023,0,0,0,0.4,0,0,0,0.4,0,0,0,0,0,0,0,0,0,7.5,5.7,0,0,0,0,0,0,0
3/30/2023,25,0.2,0,8.8,30.2,0,0,3,8,4.5,0,1.5,1,8.8,8,16,15,3.5,14.4,0,29,9,8,22,15,28
3/31/2023,0,0,0,0,8.2,0,0,0,3,53,10,4,13.8,24.5,60,7,11,21,14.9,29,13,39,37,7,25.5,10
4/1/2023,0,0,0,0,0,0,0,0,0,0,0,0,0,0,0,0,0,0,0,0,0,0,0,0,0,0
4/2/2023,0,0,0,3.6,0.4,0,0,0,0,4,0,0,2,0.5,6,0,2,0,1.3,0,0,5,3,3,1,0
4/5/2023,0.4,0,0.2,0,0,0,0.4,0,0,0,0,0,0,0,0,0,0,0,0,0,0,0,0,0,0,0
4/6/2023,0,0,0.6,0,0,0,0,0,0,0,0,0,0,0,0,0,0,0,0,0,0,0,0,0,0,0
4/7/2023,0,0,0,0.8,0,0,0,0,0,0,0,0,0,0,0,0,0,0,0,0,0,0,0,0,0,0
4/8/2023,0,0,0,0,0,0,0,0,0,0,0,0,0,0,0,0,0,0,0,0,0,0,0,0,0,0
4/9/2023,2.8,1.6,3.8,32.8,0,0,22.6,0,0,8,0,0,4.8,14.2,0,0,0,0,2.3,24,6,0,0,2,0,0
4/11/2023,3,0.4,3.4,7.6,29.4,15.6,1.8,0,0,3,0,4,0,1.4,4,4.5,,2,4.7,0,0,4,0,4,2,0
4/12/2023,0,0,0,0,0,0,0,0,0,0,0,0,0,0,0,0,0,0,0,0,0,0,0,0,0,0
4/13/2023,0,0,0,2.4,0,0,0,0,0,0,0,0,0,0,0,0,0,17.5,0,0,0,0,0,0,0,0
4/14/2023,0,0,0,0,0,0.6,0,0,0,0,0,0,0,0,0,0,0,0,0,0,0,0,0,0,0,0
4/15/2023,0,0,,0,0,0,0,,0,5,34,26,33.9,1.8,0,1,,13,0,40,3,1,0,21,0,22
4/16/2023,0,0,0,,,0,,0,7,0,0,0,0,3.4,0,0.5,,0,0,0,33,0,0,3,0,0
4/17/2023,0,0,1.2,0,0,58.2,0,0,1,0,0,3.5,0,0.8,0,0,1,8.5,0,0,0,0,0,0,0,0
4/19/2023,0,0,0,0,0,0,,,0,0,0,0,0,0.3,0,0,0,0,0,0,7,0,0,1,0,0
4/20/2023,2.2,6.4,1,0.2,1.4,67.2,0.8,9.2,15,0,0,0,5.5,57.2,11,12.5,9,0,5,0,7,0,15,21,14,0
4/21/2023,5,0.2,0,0.2,36.6,17.4,1.6,40.6,9,0,0,0,0,6.9,0.3,55,57,0,0,21,7,1,0,55,2.5,24
4/22/2023,0.2,0.8,0.4,0.4,0.2,0,0,0,0,0,0,0,0,0.3,0,0,0,0,37,0,0,0,0,0,0,0
4/23/2023,0,0,0,0,0,10.2,0,0,0,0,0,0,0,0,0,0,0,0,0,0,0,0,0,0,0,0
4/24/2023,0,0,0,0,0,1.6,0,4.4,0,0,0,0,0,0,0,0,0,0,0,0,0,0,0,0,0,0
4/25/2023,0,0,0,0.2,0.2,56.4,0,22.2,13,1,0,31,0,0.5,17.5,1,3,0,0,5,0,0,0,0,0,3
4/26/2023,0,0,0,0.8,0,1.8,0,13.4,0,0,0,0,0,0,0,1,5.5,0,,0,0,0,0,0,0,0
4/27/2023,0.2,17.8,0,65.4,3.2,68.6,23,0,0,26,14,1,19.4,19.2,15,28,7,0,11,40,5,14,11,0,12,0
4/28/2023,0,0,0,0,7.8,3.2,0.2,0,0,0,0,11,0,0,0,35.5,14,2,6.3,0,25,0,0,2,0,0
4/29/2023,4.8,0,0,17.4,0,6.4,0,0,1,11,0,0,0,0,28,0,,0,0.6,0,0,12,9,2,3,2
4/30/2023,0,0,0,0.6,0,0.2,0,0,0,0,0,0,0,0,0.5,0,0,0,0,0,6,0,0,0,0,0
5/1/2023,0,1,1.8,0,0,4.4,0,7.4,0,0,10,3,6.2,0.7,,34,37,42,1,0,8,0,0,0,0,0
5/2/2023,0,0,0.2,0,0,13.4,0,0,0,0,0,0,0,12.6,,1,44,0,0,0,7,0,0,0,0,0
5/3/2023,0,,0,1.6,0,9.6,0,0,0,0,0,0,0,1.6,0,0,0,0,0,0,0,0,0,0,0,0
5/4/2023,4.2,,0,2.4,201,93.2,0,21.8,11,3,11,31.5,0,1.1,2.5,46,24,0,,0,10,0,0,5,0,0
5/5/2023,2.4,,0,361.6,1.2,224.4,0,5.8,18,50,0,1,0,9.4,28,32,28.5,0,8,17,0,63,38,23,30,5.5
5/6/2023,30.6,,35.4,196.2,0.2,148.6,32.6,0,24,35,42,17,4.9,79.6,20,10,13,0,4,9,17,40,29,18,31,2
5/7/2023,0,,0,0,0,0.2,0,0,0,0,0,0,0,0.2,0,1,6,0,,0,0,0,0,0,0,0
5/8/2023,14.2,0,11.6,53.8,0,10.8,0,0.2,24,16,0,11,0,52.7,30,40,77,0,10,0,92,46,49,36,50,0
5/9/2023,0,0,0,0,0,0,0,4,0,0,0,0,0,0.1,0,0,1,0,0,0,0,0,0,0,0,0
5/10/2023,0,2,0,0,1.6,0,0,0.2,0,0,0,0,0,0,0,0,0,0,0,0,0,0,0,0,0,0
5/11/2023,0,0,0,0.2,0,0,0,0,0,0,0,0,0,0,0,0,0,0,0.8,0,0,0,0,0,0,0
5/12/2023,0,0,0,0,0,0,0,0,0,0,0,0,0,0,0,0,0,0,0,0,0,0,0,0,0,0
5/13/2023,0,0,0,0,0,3.4,0,0,0,0,0,0,0,0,0,4.5,5,0,0,0,0,0,0,0,0,0
5/14/2023,12.4,16.8,2,9.8,7.8,11.8,0.4,6.2,7,3,0,3.5,20.5,10.4,16,13.5,4,7.5,,0,14,2,3,10,5,29
5/15/2023,0.2,0,0,0,0,0,0,0,0,0,0,0,0,0,0,0,0,0,8.2,0,0,0,0,0,0,0
5/16/2023,0,0,0,0,0,0,0,0,0,0,0,0,0,0,0,0,0,0,3.9,0,0,0,0,0,0,0
5/17/2023,0,0,0,0,0,0,0,0,0,0,0,0,0,0,0,0,0,0,,0,0,0,0,0,0,0
5/18/2023,0,0,0,0,0,0,0,0,0,0,0,0,0,0,0,0,0,0,10.4,0,0,0,0,0,0,0
5/19/2023,0,0,0,0,0,0,0,0,0,0,0,0,0,0,0,0,0,0,0,0,0,0,0,0,0,0
5/21/2023,0,0,0,0,0.4,0,0,0.6,0,0,0,0,0,0,0,0,0,0,0,0,3,0,0,0,0,0
5/22/2023,6,0,1.4,0.2,64.2,0,0.2,10.4,3,8,0,0,0,28.2,48,20,19.5,0,10,0,36,11,18,9,16,0
5/23/2023,2.4,0,0,0.8,5.8,,1.4,0.8,0,0,0,3,0,3,0,9.5,19,0,0,0,20,0,0,1,0,1
5/24/2023,0,0,0,0,0,,0,0,0,0,0,0,0,0,0,0,0,0,0,0,0,0,0,0,0,0
5/25/2023,0,0,0,0,0,,0,0,0,0,0,0,0,0,0,0,0,0,0,0,0,0,0,0,0,0
5/26/2023,0,0,0,0,0,,0,0,0,0,0,0,0,0,0.5,0,1,0,0,0,0,0,0,0,0,0
5/27/2023,0,0,0,0,0,0,0,0,0,0,0,0,0,0,0,0,0,0,0,0,0,0,0,0,0,0
5/28/2023,1.2,0,1.2,1.2,3,0,0,3.2,21,48,7,6,0,30,34,22.5,17,0,6.4,22,0,57,38,33,38,2
5/29/2023,0,0,0,0.4,0,0,0,0,0,0,0,0,0,0,0,0,0,0,0,0,0,0,0,0,0,0
5/30/2023,0,0,0,0,3.2,28,0,0.2,0,0,0,0,0,0,0,0,0,0,0,0,0,0,0,0,0,0
5/31/2023,0,0,0.4,0,0,-28,0,0,0,0,0,0,0,2.6,2,4.5,4,0,1.7,0,0,3,0,6,2,1
6/1/2023,0,0,0,0,0,0,0,0,0,0,0,0,0,0,0,0,0,0,,0,0,0,0,0,0,0
6/2/2023,0,0,0,0,0,0,0,0,0,0,0,0,0,4.6,0,0,,0,0,0,0,0,0,0,0,0
6/3/2023,0,0,0,0,0,0,0,0,0,0,0,0,0,0,0,0,0,0,0,0,0,0,0,0,0,0
6/4/2023,0,0,0,0,0,0,0,0,0,0,0,0,0,0,0,0,0,0,0,0,0,0,0,0,0,0
6/5/2023,0,0,0,0,0,0,0,0,0,0,0,0,0,0,0,0,0,0,0,0,0,0,0,0,0,0
6/6/2023,0,0,0,0.2,0,0,0,0.2,0,0,0,0,0,0.8,0,0.5,3.5,0,0,0,14,0,1,3,0,2.5
6/7/2023,0,0,2.6,0,10.4,,0,11,3,0,17,0,0,0,16,60,2.5,0,1.6,29,2,0,0,0,0,0
6/8/2023,0,0,0,0,0,,0,0,0,0,0,0,0,0,,0,0,0,0,0,0,0,0,0,0,0
6/9/2023,0,0,0,0,0,,0,0,0,0,0,0,0,0,8,0,0,0,0,0,0,0,0,0,0,0
6/10/2023,1.4,0,0,0.2,0,,0,0,2,0,0,0,0,0,0,0,0,0,0,0,0,0,0,2,0,3
6/11/2023,0,0,0,0,0,1.6,0,0,0,0,0,0,0,0,0,0,0,0,0,0,0,0,0,0,0,0
6/12/2023,0,0,0,0,0,0,0,0,0,0,0,0,0,0,0,0,0,0,0,0,0,0,0,0,0,0
6/13/2023,0,0,0,0,0,0,0,0,0,0,0,0,0,0,0,0,0,0,0,0,0,0,0,0,0,0
6/14/2023,0,0,0,0,0,0,0,0,0,0,0,0,0,4.3,0,1,3,0,0,0,2,0,0,0,0,0
6/15/2023,0.2,0,0,0,9.4,0,0,2.8,0,0,0,0,0,0,0,8,5,0,0,0,3,0,0,0,0,0
6/16/2023,6.6,0,10.2,19.8,1,5.2,7.4,1,9,23,0,2.5,0,3.2,10,1.5,1,7,19,9,0,26,19,21,23,5
6/17/2023,6.6,1.6,2.4,12.6,7.6,26.4,3,8.8,11,29,11,12,14.5,12.4,30,34,29,10,11,29,12,42,27,14,12.5,10
6/18/2023,0,0,0,0,0.2,0,0,0,0,0,0,0,0,14.8,0,0,0,0,0,0,0,0,0,0,0,0
6/19/2023,0,0,0,0,0,0,0,0,0,0,0,0,0,1.4,25,15.5,11,0,,0,0,0,0,0,0,1
6/20/2023,1,8.6,0.4,0,0.2,30,74.8,0.8,16,19,36,62,10.5,49.5,7,12.5,27,18,22,27,13,21,17,19,17.5,0
6/21/2023,0,0,0,0,0,0,0,0,0,0,0,0,0,,0,0,0,0,0,0,0,0,0,0,0,0
6/22/2023,0,0,0.8,0,10.2,0.8,0,0,10,26,3,0,0,,48,2,8,0,16,7,0,31,25,16,35,3
6/23/2023,0.2,0,0,0.2,0.2,0,0,0,0,15,0,0,0,,2.5,0,0,0,2.6,0,0,13,20,4,20,0
6/24/2023,1.2,0,0,0,0,0,0.6,0,0,0,0,0,0,,0,0,0,0,2.8,0,0,1,0,3,0,22
6/25/2023,0,0,0,0,0,0,0,0,25,3,0,2,2.6,,0,1,0,0,0,0,7,9,24,34,31,0
6/26/2023,5.4,,0,0.4,0.4,0,0,11.2,3,3,0,5,0,,0,12,30,6,26,0,48,2,3,13,6,4
6/27/2023,0,0,0,0,0,0,0,13.6,0,0,0,6,0,,0,0,0,0,0,0,0,0,0,0,0,0
6/28/2023,0,0,0,0,0,0,0,0,0,0,0,0,0,,2,6.5,,0,4.5,0,4,0,0,0,0,0
6/29/2023,0,,,,,,0,0,0,27,0,1,0,,2,3,0,0,0,48,4,1,0,0,0,0
6/30/2023,0,0,0,0,0,0,0,0,0,0,0,0,0,,0,0,0,0,0,0,2,0,0,0,0,7
7/1/2023,0,0,0,0,0,0,0,0,0,0,0,0,0,,0,0,0,0,1.4,0,0,0,0,0,0,0
7/2/2023,0,9.8,0,0,0,0,0,23.2,0,2,0,0,14.4,55.1,0,7.5,3,0,10.2,8,0,0,0,0,0,0
7/3/2023,0,0,0,0,0,0,0,0.2,0,0,0,0,0,0,1.5,0,0,0,1.2,0,0,1,0,0,0,0
7/4/2023,0,0,0,0,0,0,0,0,0,0,0,0,0,0,0,0,0,1.5,0,0,0,0,0,0,0,0
7/5/2023,0,0,0,0,0,0,0,0,0,0,0,0,0,0,0,27,23,0,0,0,0,0,0,0,0,0
7/6/2023,0,0,0,0,0,1,0,0,0,0,0,0,0,30.4,0,13,11,0,4.4,0,0,0,0,0,0,0
7/7/2023,0.2,22,0,3.4,0,0,0,0,2,10,5,8,32.5,3.8,9,1.5,10,2,1.9,0,0,50,27,2,11,3
7/8/2023,0,7.6,0.8,2,36.2,0.6,9.4,7,0,0,0,1,49.4,1.6,13,87,77.5,6,0.4,43,7,7,1,0,1.5,18
7/9/2023,0,0,0,0.2,0.8,0,0,0,0,3,0,0,0,2.8,0.8,1,,0,0.6,0,1,0,0,0,0,0
7/10/2023,0,0,0,0,0,0,0,0,0,0,0,0,0,0,0,0,0,0,0,0,0,0,0,0,0,0
7/12/2023,0,0,0,0,0,0,0,0,0,0,0,1,0,0,0,0,0,3.5,0,0,0,0,0,0,0,0
7/13/2023,0,0,0,0,0,0,0,0,0,0,0,0,0,0,0,0,0,0,0,0,0,0,0,0,0,0
7/14/2023,0,0,0,0,0,0,0,0,0,0,0,0,0,0,0,0,0,0,,0,0,0,0,0,0,0
7/15/2023,0,9,0,0.2,0.6,0,0,2,0,0,0,0.5,8,,0,1.5,0,0,0.4,0,0,0,0,0,0,1
7/16/2023,0,0,0,0,0,0,0,0.8,0,0,0,0,0,0,0,0,0,0,0,0,0,0,0,0,0,0
7/17/2023,0,0,,0,0,,,0,0,0,0,0,0,0,0,0,0,0,0,0,0,0,0,0,0,0
7/18/2023,,,,,,,,,0,0,0,0,0,0,0,0,0,0,0,0,0,0,0,0,0,0
7/19/2023,,,,,,,,,0,0,0,0,0,0,0,0,0,0,0,0,0,0,0,0,0,0
7/20/2023,,0,0,0,0,0,0,0,0,0,0,0,0,0,0,0,0,0,0,0,0,0,0,0,0,0
7/21/2023,0,0,0,0,0,0,0,0,0,0,0,0,0,0,0,0,0,0,,0,0,0,0,0,0,0
7/23/2023,,,,,,,,,0,0,0,0,0,0,0,0,0,0,,0,0,0,0,0,0,0
7/24/2023,0,0,0,0,0,0,0,0,0,0,0,0,0,0,0,0,0,0,,0,0,0,0,0,0,0
7/25/2023,0,0,1.2,0.6,0,0,5.2,0,2,5,15,2.5,0,5.2,0.2,0,0,0,,0,2,0,1,4,0,0
7/27/2023,,,,,,,,,0,0,0,0,0,0,,0,0,0,,0,0,0,0,0,0,0
7/28/2023,,,,,,,,,0,0,0,0,0,0,0,0,0,0,,0,0,0,0,0,0,0
7/29/2023,,,,,,,,,0,0,0,0,0,0,0,0,0,0,,0,0,0,0,0,0,0
7/30/2023,,,,,,,,,0,0,0,0,0,0,0,0,0,0,,0,0,0,0,0,0,0
7/31/2023,,,,,,,,,0,0,0,0,0,0,0,0,0,0,,0,0,0,0,0,0,0
