tanggal,temp_max,temp_avg,temp_min,ev_pan,dew point,rh,ws_avg,ws_max,sr,pp_air
10/1/2021,33.2,29.7,27.2,4.2,24.5,73.8,5.1,1.2,8,1010.3
10/2/2021,31,28.9,25.6,4.3,23.8,74,2.6,1,3.2,1009.9
10/3/2021,32.8,29.5,26.8,4,23,68.2,6.7,2.2,3,1009.3
10/4/2021,32.2,28.1,25.4,5.8,23.2,74.6,5.7,1.2,7.7,1008.8
10/5/2021,33,29.2,26.2,3.4,22.9,68.6,6.2,1.4,4.6,1007.9
10/6/2021,32.4,28.9,25.8,5,23.4,72.4,3.6,0.9,6.8,1008.1
10/7/2021,32.4,29.3,25.8,3.6,22.4,66.4,7.7,1.6,5.5,1008.9
10/8/2021,31.6,29.1,26.6,6.2,23.4,71.1,5.1,1.3,6.4,1009.7
10/9/2021,33.4,30.3,27.4,3.3,24,69.2,7.2,1.8,5.6,1009
10/10/2021,33.2,29.9,27,5.5,24,70.5,5.1,1.7,9.8,1008.8
10/11/2021,33.4,29.5,26.6,5,22.8,67.4,9.3,2.4,7,1008.2
10/12/2021,32.8,30.2,27.4,6.6,23.4,67.1,5.1,1.1,5.8,1007.5
10/13/2021,32.8,30.2,27.4,5,23.3,66.5,5.1,1.2,8,1008
10/14/2021,32.8,29.9,27.8,6.8,24.1,71,7.7,1.6,7,1008.1
10/15/2021,34,29.9,26.8,5.2,23.6,68.9,5.1,1.1,2.7,1007.7
10/16/2021,33.2,30.5,27.8,4.8,24.3,69.5,5.1,1.5,5,1008.3
10/17/2021,33.8,30.2,25.2,5,24.7,72.7,3.1,1.3,5.7,1008.9
10/19/2021,32.2,28.4,26.2,2.7,23.5,75.1,5.1,1.4,0,1013.1
10/20/2021,32.4,29,26,3.2,24.5,77.1,3.6,1,2.6,1012
10/21/2021,31.4,28.9,26,4.9,24.4,76.8,5.1,1,5.8,1011.4
10/22/2021,32.4,29.4,26.6,4,23.8,71.9,5.1,1.3,4,1012.2
10/23/2021,32.8,29.7,27,4,24.4,73.1,5.1,1.3,3.5,1011.4
10/24/2021,33.2,30.3,27.6,6,24.3,70.5,4.1,1.2,3.6,1010.2
10/25/2021,32.6,28.9,26.2,5.5,23.9,74.5,3.6,1.4,8,1009.4
10/26/2021,33.8,30,26.4,3,24.3,71.9,5.1,1.4,3.2,1009.3
10/27/2021,32.6,28.1,25.4,4.7,24.6,81.3,7.2,1.8,6,1010.3
10/28/2021,31.2,26.9,25,5.1,24.5,86.6,4.1,0.9,3.4,1011.3
10/29/2021,32.4,29.3,26,2.2,23.7,71.8,5.1,1.5,2,1011.6
10/30/2021,32.6,29,26.6,5.5,24.4,76.3,5.7,1.8,8,1011.1
10/31/2021,32.8,28.9,26.8,5.1,24.2,75.8,4.1,1.1,7.2,1010.5
11/1/2021,31.2,27.5,25.8,4.2,24.6,84.2,3.6,0.8,4.5,1011.1
11/2/2021,31.8,28.3,25.8,2,23.7,76.1,5.1,1.2,1.6,1010
11/3/2021,31.8,28.8,26.4,5,24.2,76.5,3.6,0.8,6,1009.4
11/4/2021,31.8,28.6,26.6,4.6,24.4,77.9,5.1,1.5,5.2,1008.8
11/5/2021,29.6,27.7,26.2,4.6,24.5,82.7,2.1,0.5,5.8,1008.4
11/6/2021,32,29.6,26.6,2,24.7,75.2,6.2,1.7,1.4,1006.8
11/7/2021,32,27.1,25.2,6.6,24.2,84.2,7.2,1.9,7.8,1007.5
11/8/2021,31.8,29.2,25.6,5.8,24.5,75.7,3.1,0.9,1.8,1007.9
11/9/2021,31.6,28.9,26.4,5,24.4,77.1,4.1,1.4,4.5,1008.5
11/10/2021,32.8,28.6,26,1.6,24,76.5,5.7,1.3,3.4,1009.6
11/11/2021,31.2,28.7,26.6,3,23.2,72,5.7,2.2,1.1,1009.2
11/12/2021,33.4,28.2,24.8,2.3,23.4,75.5,3.1,0.8,0,1009.5
11/13/2021,31.6,27.3,25.4,4.4,24.6,85.1,3.1,0.7,1.5,1009.7
11/14/2021,34.2,29.5,26,3.5,24.4,74.2,4.6,1.4,1.7,1009.1
11/15/2021,29,27.7,26.6,5,23.1,76.3,4.1,2.1,3,1008.9
11/16/2021,33.6,29.4,26.4,5.5,23.7,71.6,4.1,1.4,0,1008.8
11/17/2021,34,30,27,4.4,23.8,69.5,3.6,0.9,3,1008.7
11/18/2021,33.4,29.3,26,4.8,23.9,73,4.1,0.9,6.5,1007.6
11/19/2021,30,27.9,26.4,3.2,22.9,74.1,4.6,1.6,3,1007.3
11/20/2021,31.6,27.8,25.2,3,24.1,80.6,6.7,1.9,0.2,1007.9
11/21/2021,32.4,29.6,27.2,4.6,23.9,71.2,4.6,2.3,2.4,1008.2
11/22/2021,32.2,29.1,26.2,4.8,24.2,74.8,5.1,1.7,6,1007.9
11/23/2021,32,27.9,25.8,4.3,22.2,71.2,7.7,3.5,3,1008.8
11/24/2021,33.6,29.6,27,3,22,63.6,4.1,1.9,2.6,1008.6
11/25/2021,33,29.3,26.8,7,23.4,70.7,6.2,1.3,1.2,1008.3
11/26/2021,33.8,27.4,25.2,5,23.9,80.9,5.1,1.5,2.2,1009.1
11/27/2021,32.6,27.1,24.2,5.4,23,78.5,4.1,2.4,4,1009.9
11/28/2021,32.2,27.9,25.6,4.4,23.4,76.7,8.2,3.9,4.5,1009
11/29/2021,32,28.9,26.6,4.8,23.6,73.1,4.1,1.9,1.2,1008.3
11/30/2021,31.4,29.1,27.2,4.2,23.8,73.1,6.2,1.2,5,1008.8
12/1/2021,34.4,29.9,27.4,2,22.1,62.8,6.7,2.5,0.7,1009.2
12/2/2021,34.8,30.7,27,8.7,23.7,66.3,4.1,2.6,2.4,1009.4
12/3/2021,32.4,29.6,27.8,6.3,23.6,70.6,4.6,1.6,6.5,1010.2
12/4/2021,28,26.4,25.6,2,23.6,84.6,3.6,1.1,1,1011.3
12/5/2021,27.8,26.2,24.4,3.5,23.4,85.1,2.6,0.4,0,1010.5
12/6/2021,30.6,26.8,24.2,1.1,23.9,84.2,5.1,1.1,0,1009.8
12/7/2021,28.8,26.8,24.4,2.4,24.3,86.1,2.6,0.8,2.5,1010.6
12/8/2021,31.4,28.1,25.4,2.7,24.5,80.9,5.1,1.3,0,1010.6
12/9/2021,30.8,28,25.8,5.6,25,83.8,5.1,1.8,5,1010.8
12/10/2021,31.8,28.1,25,3.6,24.6,81.6,5.1,1.6,2.5,1010.8
12/11/2021,30.6,27.9,25.6,3.6,24.5,82.1,3.1,1.5,5.7,1010.6
12/12/2021,32.4,29.3,26.4,3.4,23.7,71.9,6.7,2,4.2,1009.6
12/13/2021,32,29.6,26.8,4.4,24.3,73.5,5.1,2,4,1008.2
12/14/2021,31.2,28.6,26.8,5.2,25.1,81.6,8.2,1.5,7,1008
12/15/2021,31.4,28.5,26.8,4.8,24.3,78.2,3.6,0.7,0.3,1008.3
12/16/2021,32.2,28.1,25.8,2.3,24.7,81.8,5.1,1.4,2,1008.3
12/17/2021,32,28.4,26.2,2.7,24,77.1,5.1,1,2.4,1008.5
12/18/2021,33,28.3,26,4.4,24.1,78.2,6.2,1.5,5,1008.9
12/19/2021,32.4,29.3,26.6,3.7,25.1,78.1,3.1,0.9,5.2,1010.1
12/20/2021,32.6,27.9,26,4.7,24.4,81.4,4.1,0.8,6,1011.1
12/21/2021,29.6,26.7,24.6,1.5,24.5,87.9,5.1,0.6,1,1011.6
12/22/2021,31.8,28.6,25.6,1.8,24,76.1,3.6,0.9,0.6,1010.5
12/23/2021,31.4,26.7,24.6,4.6,24.1,85.4,3.1,0.6,4.7,1010.1
12/24/2021,31.8,28.1,26,3.7,24.3,79.7,5.1,1.1,2,1009.7
12/25/2021,31.4,27.7,24,3,24,80.5,3.1,1.3,3.6,1011.3
12/26/2021,31.2,28.6,24.2,2.1,23.8,75.4,2.6,0.9,3,1011.5
12/27/2021,30.6,28.3,26.2,4.5,24.1,78.3,7.2,1.8,5,1011.7
12/28/2021,31,27.9,25,7.5,24.5,81.7,7.7,1.8,7.2,1010.6
12/29/2021,30.4,28.3,25.2,3.6,24.5,80.2,3.6,0.9,3.8,1010.5
12/30/2021,30.2,27.7,25.8,4.1,24.8,84.5,5.1,1.2,2,1010.3
12/31/2021,33,29.2,26.2,2.9,24.1,74.1,3.6,0.9,0,1010.1
1/1/2022,32.4,29.2,26.4,3,23.9,73.2,2.6,1,4,1009.8
1/2/2022,32.2,28.2,25.8,2,23.8,76.8,6.2,2.4,3.5,1009.4
1/3/2022,32.4,29.3,25.8,7.7,23.4,70.7,5.1,1.7,2.9,1009.4
1/4/2022,32.2,29.2,26.6,4.4,24.1,74,5.1,1,6.2,1010.4
1/5/2022,32.6,28.9,25.8,3.6,24.4,76.9,5.1,1.4,5.6,1010.3
1/6/2022,31.4,27.8,25.6,7.5,25,84.5,5.1,0.8,7.5,1010.9
1/7/2022,34.4,29,26.4,4.8,23.6,73,5.1,1.3,2,1010.8
1/8/2022,32.4,29.4,26.6,1.3,24.5,75.1,3.6,1,6.9,1010.2
1/9/2022,32,29.3,27,8.4,24.4,74.8,8.2,1.6,7,1009
1/10/2022,30.8,27.6,24.8,4.3,24.2,81.9,6.7,1.5,1.5,1010.2
1/11/2022,31,26.7,24.4,3.3,24.1,85.5,7.2,1.2,1,1011.3
1/12/2022,31.2,26.7,24.6,2.4,24,84.9,6.7,1.8,3.4,1011.4
1/13/2022,30,27.5,24.6,2.8,24.2,82,6.2,1.1,5,1011.4
1/14/2022,31.4,27.2,24.6,1.7,24.2,83.9,3.6,1.2,0,1011
1/15/2022,29,27.4,24.8,2,24.8,85.9,5.1,1.4,0.6,1010.9
1/16/2022,28.6,27.2,25.2,1.6,24.9,87.4,6.2,1.5,0.4,1010.6
1/17/2022,30.2,27.9,25.2,1.2,25,84.1,6.2,1.4,0,1009.8
1/18/2022,28.4,26,24.6,1.9,24.4,91.1,6.2,2.2,4,1009.6
1/19/2022,29.8,27.1,24.6,0.8,24,83.3,8.2,2.3,0.2,1009.2
1/20/2022,28.8,26,24.8,3.4,23.2,84.3,4.1,1.3,5.8,1010.1
1/21/2022,31,27.8,25.2,2.5,23.9,79.2,7.2,1.4,0,1009.7
1/22/2022,30.4,27.8,24.8,1,24,79.9,6.2,2.1,5,1009.5
1/23/2022,32.2,29.6,26.4,5.7,23.8,71.3,8.7,3.6,3.2,1008.5
1/24/2022,34.4,30.1,26.8,6.3,24,69.9,7.2,1.7,6,1007.6
1/25/2022,30.8,28.6,25.6,4.2,24.9,80.5,4.6,1.2,8,1008.3
1/26/2022,29.8,27.7,25.6,0.8,24.4,82.1,4.1,1.4,1.5,1009.2
1/27/2022,31.2,28.5,25.6,5.9,24.3,78,5.1,1.7,0,1009.8
1/28/2022,32.4,28.4,25.8,3.8,23.9,76.8,5.1,0.7,6,1010
1/29/2022,30.2,28.1,25.8,1.6,23.9,78.1,6.2,1.9,3,1009.7
1/30/2022,31.4,28.8,26,2,24.3,76.8,7.2,1.6,0.6,1009.4
1/31/2022,31.2,28.6,26.4,6.4,24,76.3,8.7,2,3.7,1009.2
2/1/2022,31,28.1,24.4,5,24.3,79.8,3.1,1.3,5,1009.2
2/2/2022,31,28.3,26.2,3.8,24.7,80.7,7.2,1.1,5.5,1010.1
2/3/2022,32,28.4,23.6,4,24.1,77.7,4.1,1.5,3.8,1009.2
2/4/2022,31,27.1,25,6.7,24.3,84.5,6.7,1.7,5.8,1008.6
2/5/2022,28.4,26.2,25.2,4.3,24.1,88.1,2.6,0.9,3.5,1008.8
2/6/2022,31,28,25.4,2.9,24.5,81.5,7.7,2.6,0,1008.4
2/7/2022,30.2,28.2,25.8,5,24.2,78.8,5.7,1.4,1.7,1008.8
2/8/2022,27.8,26.3,25.2,6,24.8,91.2,6.2,0.3,5.8,1009.8
2/9/2022,30.8,27.2,24.8,4.4,23.6,80.6,8.2,2.8,0,1009.5
2/10/2022,30.6,27.8,25.2,3.5,23.5,77.2,6.2,1.5,6,1008.3
2/11/2022,30.2,28.3,25.6,2,23.9,77,7.2,1.4,0.3,1007.8
2/12/2022,29.2,27.9,26.2,3.4,24.5,81.9,7.2,1.6,0.5,1006.8
2/13/2022,29.2,27,25.2,2.3,24.1,84.1,6.2,1.4,0,1007.1
2/14/2022,30,27,24.6,2.9,23.5,81.5,6.2,0.7,0.2,1008.6
2/15/2022,32.6,27.7,25.2,2.5,24,80.3,5.1,0.9,0.1,1008
2/16/2022,32.4,28,25,4.2,24.3,80.1,5.1,1.3,2.2,1006.5
2/17/2022,30.8,28.2,25,6.2,24.3,79.4,3.6,0.7,7.8,1007.5
2/18/2022,29.6,27.4,25.8,3.2,24.9,86.3,3.1,0.3,5,1009.2
2/19/2022,31.4,28,26,3.7,24.5,81.5,4.1,1.1,0,1009.9
2/20/2022,30.2,28.1,26,5.2,24.5,80.8,5.7,1.1,2.2,1009.8
2/21/2022,32.2,28.7,25.6,1.8,24,75.7,4.6,0.8,1.6,1009.8
2/22/2022,34,29.2,25.2,2.5,24,73.7,7.7,1.4,3,1010.2
2/23/2022,31.8,27.4,24.4,5,23.5,79.2,5.1,2.2,2.5,1011.2
2/24/2022,33,29.4,25.2,4.8,22,64.6,6.7,2.2,0.6,1010.3
2/25/2022,29.8,27.5,24.6,4.6,22.6,74.7,3.6,1.7,1.5,1010.4
2/26/2022,32.4,28.2,25.8,4.4,23,73.5,5.1,2.3,1.2,1010.3
2/27/2022,30.4,28,26.2,4.5,23.5,76.7,6.7,1.9,2.2,1009.6
2/28/2022,30.4,28,24.8,5,24.1,79.3,7.7,1.5,2,1009.2
3/1/2022,29,26.6,24.6,3.2,23.6,83.6,4.6,1.1,1.2,1009.9
3/2/2022,32,28,25.2,1,23.8,78,4.1,1.7,0,1008.9
3/3/2022,32.2,28.7,25,5.4,24,75.5,8.2,2.3,2.4,1009
3/4/2022,31.6,28.7,25.4,4.7,23.6,73.7,5.7,1.1,7,1009.3
3/5/2022,32.8,27.5,25.2,3.3,23.4,78.3,8.2,1.7,2,1009.3
3/6/2022,32.6,28.4,26.8,5.8,23.5,74.8,7.2,3.5,2,1009.1
3/7/2022,32.2,28.9,25.8,4.7,23.5,72.6,7.7,1.9,4.6,1008.6
3/8/2022,32,28.2,26,3,24.4,79.8,5.1,1.2,1.1,1008
3/9/2022,31.6,28.3,26,1.8,24.1,78.1,7.2,1.2,3,1008.1
3/10/2022,31.8,28.8,26.6,5.3,24.2,76.2,9.3,1.6,1.4,1007.2
3/11/2022,32,28.4,25.8,5,24.3,78.8,9.8,2.7,5.3,1006.6
3/12/2022,31.8,27.5,26.2,4.9,24.8,85.3,3.1,0.8,6,1006.7
3/13/2022,31.2,28.3,26.4,3.1,25,82.5,8.2,1.5,4,1007.7
3/14/2022,33,28.8,26.8,4.6,25,80.2,6.7,1.2,4.5,1007.4
3/15/2022,30,26.8,25.2,5.5,24.1,85,2.6,0.6,6,1007.3
3/16/2022,33.2,29.7,25.6,0.8,24.6,74.2,5.1,0.8,0,1007.2
3/17/2022,31.6,29.2,26.6,3.5,25,78.5,7.2,1.1,6.2,1007.2
3/18/2022,33.2,29.2,27,5.1,24.5,76,4.1,0.8,4.1,1007.3
3/19/2022,33.4,29.7,27,2,23.4,69.1,8.7,3.9,0.8,1007.3
3/20/2022,34.8,30.1,27.4,6,22.9,65.7,4.6,3,5.6,1008.4
3/21/2022,33.2,29.8,27.2,6.5,23.4,68.7,7.7,3.5,8,1009.5
3/22/2022,31.6,29.1,27,4.5,24.1,74.4,6.2,1.3,5,1009.4
3/23/2022,32,27.7,25.6,3.5,23.8,79.3,3.1,0.7,1.5,1009.3
3/24/2022,32.8,29.2,25.8,2.7,24.3,74.8,7.7,1.2,1.8,1009.2
3/25/2022,32.6,29.3,26.8,4.2,24.7,76.2,5.7,0.9,8,1010
3/26/2022,29.2,26,24.4,4,24,89.1,4.1,0.8,4,1010.8
3/27/2022,32.6,27.9,25.2,1,24.7,83,8.7,2.5,0,1010.2
3/28/2022,32,28.7,25.4,4.7,24.1,76.2,7.7,1.1,7.4,1009.3
3/29/2022,32.6,29.7,26.8,5.2,24.1,72.3,5.1,1.6,7.4,1009.1
3/30/2022,31.8,29.4,27,4.6,24,72.9,3.6,1,4.5,1009.2
3/31/2022,32.8,29.1,26.4,5,24.1,74.6,8.7,1.7,1.8,1009.8
4/1/2022,31.4,28.3,26.2,4.2,24.2,78.7,2.6,0.5,5.2,1010.2
4/2/2022,32.4,28.7,26.4,0.5,24.1,75.9,6.2,1.4,0.7,1009.7
4/3/2022,32.6,26.9,25.2,3.3,23.8,83.5,7.7,1.8,4,1010.6
4/4/2022,32.8,29.1,25.6,5.3,23.6,72.2,5.7,1.1,3.3,1010.7
4/5/2022,32.4,27.3,24.8,6.7,24,82.1,5.7,1.2,7.6,1011.1
4/6/2022,34.4,29,25,6.5,23.7,73.2,7.2,1.2,7,1010.4
4/7/2022,33.2,28.9,26.2,4.6,24,74.7,9.8,1.7,8,1010
4/8/2022,33.4,28,25.8,5.4,23.7,77.3,3.6,0.4,5.1,1009.6
4/9/2022,32,29.1,26,6.1,23.7,72.6,4.1,1,3.7,1009.3
4/10/2022,33.2,29.3,26.4,4.2,23.8,72.4,4.1,1.1,6.5,1009.7
4/11/2022,32.4,28.2,25.4,3.8,24.4,79.6,5.7,1.2,7,1009.2
4/12/2022,31.8,28.2,26.4,8,24.6,80.6,6.7,1.4,3.5,1008.6
4/13/2022,31.4,28.9,25.4,2.2,24.2,75.8,3.1,0.8,4.1,1008.4
4/14/2022,32.4,29.3,26.2,3,24.4,74.9,7.2,1.4,3.5,1008.4
4/15/2022,33.6,29.8,26.4,4.6,24.8,74.5,5.1,1,6,1008.8
4/16/2022,32.4,29.7,26.8,5,24.6,74.2,5.1,1.3,7.4,1008.1
4/17/2022,33,30.1,26.2,4.8,25.7,77.2,3.1,0.9,7.5,1007.8
4/18/2022,33.2,29.3,26.4,5.2,25,77.6,6.2,1.4,7.5,1008.8
4/19/2022,32.4,28.9,26.4,2.8,24.6,77.6,9.3,1.8,6,1009.2
4/20/2022,33,29,26.6,4.9,24.2,75.8,3.6,1.2,4.5,1008.5
4/21/2022,29,27.2,26,1.1,24.5,85,3.1,0.5,3.8,1009.1
4/22/2022,30.6,26.3,24.8,2.9,24,87.3,5.1,0.5,0,1009.2
4/23/2022,33.2,29.3,25.4,1.7,24.9,77.3,5.1,1.1,1.5,1008.5
4/24/2022,32.4,29.1,26.6,6,24.3,75.3,5.7,1.1,5.8,1007.9
4/25/2022,34,28.9,25.6,4.2,24.3,76.5,6.7,0.7,5.2,1007.7
4/26/2022,33.8,30,26.6,6.5,24,70.2,4.1,1.2,7.5,1007
4/27/2022,34.6,28.3,24.6,4,24.2,78.7,6.7,1,6.5,1007.9
4/28/2022,31.2,28.4,25.4,3.5,24.1,77.5,5.1,2.1,2.5,1007.9
4/29/2022,33.6,29.4,26.6,3.2,24.4,74.4,4.6,1.4,0.8,1007.7
4/30/2022,31.2,28.4,26.6,3.8,24.8,80.9,3.6,0.9,4,1008
5/1/2022,32,28.7,26.4,4,25.3,81.6,2.6,0.7,1.6,1008.1
5/2/2022,31.2,27.5,25.2,0.7,24.7,84.4,8.2,1.7,2,1008.5
5/3/2022,32.6,29.1,25.4,3.6,24.9,78.2,2.6,0.9,2.4,1008.7
5/4/2022,32.8,28.8,26.4,3.5,24.3,77,5.1,0.5,3.4,1009.3
5/5/2022,33.6,30.1,26.8,4.5,24.9,73.8,3.1,0.7,5,1007.5
5/6/2022,34.8,30.5,27.6,5,24.7,71.4,5.7,1,7,1007.3
5/7/2022,33,29.8,27.4,4.9,24.7,74.2,2.6,0.9,7.3,1008
5/8/2022,33.4,30.6,27.8,5,25,71.9,3.1,1.2,7.2,1007.1
5/9/2022,33.8,29.2,26.6,4.6,24.2,74.4,5.1,1.4,6,1008
5/10/2022,33.6,29.7,25.4,3,24.9,75.2,7.7,1.6,1,1008
5/11/2022,33.2,29.4,26.2,3.4,25.2,77.9,5.1,0.9,4.4,1008.2
5/12/2022,33.6,29,26.6,4.8,24.7,77.3,5.7,2.2,5.2,1008.8
5/13/2022,33.2,29.3,26.6,4.8,25.1,78,5.7,1.4,4.2,1009.2
5/14/2022,32.2,29.8,27,4,26,80,6.7,0.9,6.8,1010.3
5/15/2022,34,28.5,26,2.8,25.3,82.6,3.1,0.8,1.5,1010.4
5/16/2022,33.6,29.2,26.6,4.3,24.4,75.6,5.7,1,6,1009.8
5/17/2022,32.8,29.6,27.2,3.4,25.1,77.1,6.2,1.4,5.7,1010.2
5/18/2022,33.4,28.4,25.8,2,24.7,80.7,6.2,0.9,3,1010.9
5/19/2022,31.8,27.6,25.6,4.2,24.9,85.3,3.6,0.7,5.2,1011
5/20/2022,31.6,27.5,25,2,24.4,83.2,5.1,0.9,2.2,1010.3
5/21/2022,30.8,28.1,25.6,4,24.2,79.4,3.6,1,2,1009
5/22/2022,30.2,27.9,26.2,3,24.5,82.1,4.6,1.3,1.7,1008.1
5/23/2022,32.6,29.3,26.6,1.5,24.4,75.1,3.6,0.9,0,1008.6
5/24/2022,32.8,30.1,27.4,4.2,24.6,72.1,6.2,1.7,5,1010.3
5/25/2022,32.8,28.2,26.2,4.2,24.4,79.7,4.6,0.8,5.4,1010.7
5/26/2022,30.4,27.3,24.8,2,23.8,81.4,3.6,0.5,1,1009.9
5/27/2022,33.2,28.7,23.4,0.9,24.1,76.1,6.7,1.1,0,1009.4
5/28/2022,30,26.1,23.2,2.6,23.3,84.3,3.6,0.9,6.5,1009.7
5/29/2022,32.4,27.8,23.2,2.3,24.1,80.7,4.6,1.1,1.3,1008.6
5/30/2022,30.6,27.5,24.8,3.3,23.9,80.7,2.6,0.6,4.5,1008.3
5/31/2022,32.4,28,25.2,2.9,23.5,76.4,5.1,1.6,1.8,1008.6
6/1/2022,34.6,29.4,26,3.7,23.4,70.2,4.6,0.7,6.5,1008.8
6/2/2022,33.8,27.7,24.6,5.2,24.3,81.8,4.6,1.2,3.4,1009.6
6/3/2022,33.4,29.1,25.6,4.3,23.6,72.4,7.7,1.1,5.5,1009.9
6/4/2022,32.2,29.1,26.4,2,23.7,73.1,4.1,1.1,6.2,1010
6/5/2022,32.2,28.7,26,2.2,24,75.6,6.2,1.6,7,1009.6
6/6/2022,31.6,27.6,25.4,5,23.2,77.1,4.1,0.5,6.3,1009.1
6/7/2022,31.8,28.2,25.6,4.3,24.5,80.5,4.1,0.5,0.2,1009
6/8/2022,30.8,27.7,25.8,3.2,24.4,82.2,2.6,0.5,2.7,1009.4
6/9/2022,30.2,26.5,24.4,0.9,24.2,87,3.6,0.4,2.5,1010.1
6/10/2022,33.6,29,25.4,,23.9,74,5.1,0.5,,1008.9
6/11/2022,31.6,28.6,25.6,3.5,24.7,79.5,4.6,1.2,4.3,1009.7
6/12/2022,31.2,28.1,25.8,3.6,23.7,77.1,3.6,1.1,4,1010.2
6/13/2022,31.2,28.1,26,4.4,23.1,74.3,4.1,1.1,5.4,1010.3
6/14/2022,31.2,28.6,26.4,3,23.4,73.5,3.6,0.7,1.5,1009.9
6/15/2022,30.6,27,24.6,2,24.2,84.5,0,0,1.3,1010.4
6/16/2022,29.6,27.3,24.8,1.7,24.4,84.2,2.1,0.3,0,1010.6
6/17/2022,28.6,26.9,24.6,1.1,24.2,84.8,2.1,0.3,1,1010.7
6/18/2022,30.2,27.3,24.8,2,23.7,80.7,4.1,1.4,0.2,1010.6
6/19/2022,32,28.9,25.2,1,24.5,77.2,5.7,1.1,0.6,1009.4
6/20/2022,32.2,28.7,26.4,3.5,23.7,74.4,6.2,1.3,7,1008.5
6/21/2022,32.4,29,25.2,5.5,23.8,73.7,3.6,1,7,1008.6
6/22/2022,31.8,29,26,4.4,24.5,76.9,3.1,0.4,6,1009.8
6/23/2022,32.8,29.5,26.8,2,23.4,69.9,4.6,0.8,1.2,1010.3
6/24/2022,31.4,28.3,26.6,3.7,24.3,79.1,5.1,0.6,2.5,1009.4
6/25/2022,32.2,28.5,26.4,1.6,23.9,76,3.1,1.1,2,1009.2
6/26/2022,30,28.2,26.6,3.4,24.2,78.9,3.1,1,3,1010.2
6/27/2022,32.6,28.2,25.4,1,24.1,78.3,4.1,0.5,0,1009.9
6/28/2022,31.8,28.6,25.6,5.3,23.6,74.6,5.1,1.3,3.4,1008.3
6/29/2022,32.6,28.7,25.2,3,23.2,72.4,7.7,1.2,4,1008.2
6/30/2022,31,28.6,25.4,5,22.9,71,6.2,1.5,6,1008.6
7/1/2022,33,29.4,25.8,4,23.1,69.1,3.6,0.5,6.5,1008.2
7/2/2022,32.2,29.2,27.2,3.6,24.3,75.1,3.1,0.9,6.5,1007.7
7/3/2022,32,29.1,26,1.2,25,78.8,4.1,0.9,4.5,1007.8
7/4/2022,33,29.8,27.4,5.4,24.7,74.2,5.7,1.4,5.7,1008.6
7/5/2022,32.8,29.6,25,4,24.9,75.8,5.1,1.1,6.5,1009.3
7/6/2022,28.6,26.7,25.4,4.6,24.6,88.1,5.1,0.5,7,1010.7
7/7/2022,32.2,29.1,26.2,3.5,24.4,75.7,3.6,0.6,2,1010
7/8/2022,31.8,29.1,26.2,3,23.8,73.1,6.7,1.6,6.8,1008.9
7/9/2022,31.6,28.6,25.2,5,22.6,70,9.3,2,5.7,1008.7
7/10/2022,32.4,28.8,25.4,4.6,22.6,69,3.6,0.9,6.7,1009.2
7/11/2022,32.4,29.3,26.6,4.4,23.4,70.6,3.6,1.2,7,1009.9
7/12/2022,32.6,29.5,26.8,4,24.4,74.5,3.6,0.9,2,1008.9
7/13/2022,31.8,28.2,26,4,24.4,80.3,4.6,1.7,1.5,1008.7
7/14/2022,32.8,29.3,26.4,1.4,24.2,74,4.6,1.7,1,1008.8
7/15/2022,32.8,28.1,24,4,24,78.9,4.1,0.7,6,1010
7/16/2022,29.6,26.5,23,5,23,80.9,3.1,0.8,7,1010.6
7/17/2022,31,27.8,25.4,2.9,24.1,80.2,5.7,1.1,1,1010
7/18/2022,32.6,29,25.6,2,24.2,75.4,5.1,0.8,0.7,1009
7/19/2022,33,29.6,26.8,4.4,24.5,74.5,5.1,0.8,5.4,1008.4
7/20/2022,33,29.6,26.8,4,24.6,74.5,4.6,0.9,6.5,1009.7
7/21/2022,31.8,29.2,26.6,,23.5,71.4,6.2,1.2,,1009.7
7/22/2022,32,28.8,26,4.3,23.5,73.2,3.6,0.6,6.8,1010.7
7/23/2022,32.6,29.2,26.4,3.4,24.2,74.7,6.2,1.4,4,1009.3
7/24/2022,32,29.1,26.8,3.6,24.3,75.6,7.2,1.5,6,1008.3
7/25/2022,32,29,27,5,23,70.2,5.1,0.6,5.9,1008.9
7/26/2022,32.4,28.9,26.2,4.3,22.9,70.2,2.6,0.9,3,1009.4
7/27/2022,33.6,29.4,26.4,6.7,22.4,66.2,4.6,0.9,7,1009.2
7/28/2022,32.4,29.7,27.2,3.3,24,71.7,3.1,0.8,5,1008.8
7/29/2022,33.4,29.6,26.8,4,23.7,70.7,4.1,0.5,5.8,1009.1
7/30/2022,31.6,29.1,26.6,1.6,24.5,76.1,3.6,1.5,5.8,1009.2
7/31/2022,32,28.9,26,5.4,24.2,75.6,2.6,0.9,6,1008.2
8/1/2022,33.4,29.8,26.4,3.5,23.8,70.2,3.1,0.4,7,1008.7
8/2/2022,32.6,29.6,27.4,6.9,24.2,73.1,6.2,1,6,1009
8/3/2022,33.4,29.4,25.6,5.6,24,72.9,3.6,0.6,5.4,1009.7
8/4/2022,31.6,28.2,26,6.3,25,82.9,7.7,1.1,6.8,1010.2
8/5/2022,30.4,28,25.6,3.4,24.3,80.5,7.7,2.2,6,1010.7
8/6/2022,31.4,28.3,25.8,5,23.5,75.4,7.7,2.1,4,1010.2
8/7/2022,31.8,28.3,25.8,3.1,23.4,74.9,3.1,0.9,7,1009.8
8/8/2022,32.2,29.5,26.4,3.3,23.3,69.4,7.2,1.2,6.5,1009.1
8/9/2022,32.6,29.6,26.6,4.2,22.7,66.6,5.7,1.2,7,1009
8/10/2022,33.6,29.8,27,5,23.5,69.1,4.1,0.8,6.5,1009.6
8/11/2022,34.2,30.1,27.2,4.8,23.8,69.3,7.2,1.6,7,1009.3
8/12/2022,32.8,29.1,26.2,3.8,24.1,74.7,6.7,1,6.5,1009.7
8/14/2022,33.4,29.4,26.8,4,23.9,72.5,5.1,1.9,3.6,1009.9
8/15/2022,32.2,29.2,27,5.7,23.6,71.6,5.7,0.7,6.7,1010.5
8/16/2022,31.8,28.3,25.4,1,24.3,78.8,5.1,0.8,2.5,1010.8
8/17/2022,32,29.1,26.4,2.4,24.4,75.5,6.2,1.2,2.6,1010.1
8/18/2022,33.4,29.6,26.8,4,22.7,66.6,4.6,1,4,1009.7
8/19/2022,35,30.4,27.2,6.6,22,61.1,5.7,1.5,6,1009.2
8/20/2022,33.4,29.8,27.4,5,23.1,67.4,3.1,1.2,7,1009
8/21/2022,32.4,28.7,25.8,4,23.7,74.3,4.6,1.1,5,1009.9
8/22/2022,30.6,28.2,26.4,5,24.4,79.6,4.6,0.8,5.5,1010
8/23/2022,34.8,30.1,27,1.4,23.2,66.4,6.2,0.7,1.2,1009.7
8/24/2022,32.2,29.5,26.8,4.5,23.8,71.5,6.2,1.2,7.5,1009.7
8/25/2022,33.2,29.4,26,4.6,21.9,63.9,6.7,1.2,7.5,1009.3
8/26/2022,31.8,29.3,26.6,5,23.2,69.5,4.1,0.3,7.2,1009.2
8/27/2022,31.8,28.6,26.4,4.4,24.1,76.4,5.1,1.3,1.5,1008.9
8/28/2022,30.4,28,25.8,4.6,24,79,3.1,0.9,1.2,1008.8
8/29/2022,32,28.7,26,1.6,23.5,73.5,7.2,1.7,2.5,1009.7
8/30/2022,32.4,29.4,26.6,3.5,24.1,73.3,5.1,0.8,2.2,1009
8/31/2022,33,29.4,27.2,4.6,23,68.5,5.1,0.6,7,1008.6
9/1/2022,31.4,29.2,26.8,3.2,23.9,73.4,5.1,0.9,4,1009.6
9/2/2022,33.2,29.2,26,2.5,23.8,72.5,4.6,0.6,3.5,1010.5
9/3/2022,32.4,28.5,26.2,2.5,22.7,71,8.7,4.1,4,1010.5
9/4/2022,32,29.3,26.6,3.6,23.4,70.9,2.6,0.7,5.7,1010.2
9/5/2022,32.4,29.6,27.4,6.1,24.5,74.1,6.2,0.9,7.8,1010.2
9/6/2022,34.2,29.9,26,3.2,23.9,70.2,5.1,1,6.5,1010
9/7/2022,30.6,27.4,25.6,3.2,24.5,84.1,2.6,0.2,6.3,1011.4
9/8/2022,28.4,26.5,25.2,1.4,23.9,85.8,4.1,0.6,4.6,1012.5
9/9/2022,30.2,26.6,24.4,0.9,23.6,83.6,5.1,0.7,0,1012.7
9/10/2022,29.6,26.8,25.2,2.8,23.7,83.2,5.1,1.6,1.2,1011.6
9/11/2022,31,27.6,25,2,23.9,80,9.3,2.3,0,1010.3
9/12/2022,31.6,28.6,25.8,6,23.9,75.9,8.7,1.6,9.7,1010.7
9/13/2022,31.4,28.5,25.4,2.5,23.4,74,6.2,0.6,6.5,1012.8
9/14/2022,32.2,29.4,26.2,3.6,22.1,64.6,6.2,1.2,4.2,1012.9
9/15/2022,32.8,29.1,26.4,2.5,23.1,70.3,5.7,1.1,2,1011.1
9/16/2022,33,29.1,26.2,2.8,22.6,68.1,7.7,1.4,6.2,1010.3
9/17/2022,32,29.4,27,3.6,24.1,73,4.1,1.3,4.2,1010.4
9/18/2022,31.4,29,26.4,4.8,24.8,78.2,4.6,1.3,6,1010.7
9/19/2022,34.2,29.4,26,2.2,22.8,67.9,3.6,0.5,2.1,1011.1
9/20/2022,32,29.4,26.4,8.6,22.8,67.6,7.7,1.6,7.8,1010.5
9/21/2022,31.8,29.2,26.8,4.4,24,73.6,4.1,0.6,4.7,1010.6
9/22/2022,31.2,27.8,25.8,3.6,24.2,80.9,4.1,0.8,4,1010.2
9/23/2022,31.6,28,25.8,1,23.6,76.9,5.7,1,0,1010
9/24/2022,33.6,29.6,26.4,6.1,24.1,72.2,3.6,1,4,1009.6
9/25/2022,32,29.4,26.8,5.1,23.8,71.7,4.1,1.2,8,1009.8
9/26/2022,33.8,29.7,26,4.5,22.7,66.4,7.7,1.9,4,1009
9/27/2022,32.4,29.6,26.4,5.5,23.6,70.2,6.2,0.9,4.6,1008
9/28/2022,32.4,29.7,27.2,5.5,23,67.4,7.7,1.5,9.4,1007.5
9/29/2022,32.2,29.6,26.6,3.3,23.7,70.6,5.1,0.9,4.5,1008.4
9/30/2022,31.8,29.4,27.2,3,23.9,72.1,3.1,0.5,2,1009.5
10/1/2022,33.2,30,27,3,24.5,72.5,7.2,1.4,3,1009.2
10/2/2022,30.4,27.8,24.8,4.4,24.1,80.8,3.6,0.9,7.8,1009.4
10/3/2022,32,28.3,25.9,3.2,24.2,78.6,5.1,1.2,3,1008.8
10/4/2022,32.4,27.5,25,4.8,23.7,80,5.7,1.6,5.4,1009.3
10/5/2022,30.4,27.9,26,4,24.6,82.6,0,0,4.8,1010
10/6/2022,33.6,27.6,25,0.6,23.7,79.6,7.7,1.1,0.8,1010.4
10/7/2022,31.2,27.1,24.5,6.6,23.7,81.8,3.1,0.6,7.8,1010.6
10/8/2022,33,28.6,25.2,2.2,23.3,73.3,3.6,0.8,1.5,1010.5
10/9/2022,31.2,27.8,25.6,3,23.3,76.5,4.6,1.4,2.3,1011.2
10/10/2022,31.2,28.3,26,1.4,23.6,75.8,5.1,0.8,2.6,1011.4
10/11/2022,31.8,27,24.6,3.3,23.7,82.4,6.2,0.8,3.5,1010.7
10/12/2022,32.2,28.5,26.2,2,23.2,73.1,7.7,1,0.4,1010.4
10/13/2022,31.6,27.5,24.6,4,23.8,80.2,6.7,0.6,7.5,1009.5
10/14/2022,32.4,29.2,26.6,4.9,23.2,69.9,7.7,1.7,4.7,1008.2
10/15/2022,31.8,28.2,25.8,3.2,24.7,81.6,2.6,0.5,7.5,1009.3
10/16/2022,31,28.8,26.8,3,25.2,81.1,3.6,0.6,2.5,1010.6
10/17/2022,31.6,29,26.6,3.5,24.8,78.2,2.1,0.2,3.1,1009.7
10/18/2022,29.4,27.9,26.6,3.4,24.4,81.4,3.6,0.3,2.6,1009.6
10/19/2022,30.6,27.2,25.4,2.5,24,82.9,5.1,0.5,1,1009.8
10/20/2022,31.6,28.3,26,2.2,23.5,75.4,5.1,1.2,1.2,1010.6
10/21/2022,30.4,28.3,26.6,3,24,77.4,2.6,0.4,1,1011.2
10/22/2022,31.4,28.6,25.6,1.7,24.6,78.9,2.6,1,0,1011.2
10/23/2022,32.8,29.5,25.8,4.5,23.8,71.6,3.6,1.6,6.5,1010.4
10/24/2022,33.6,28.9,26.4,3.6,22.2,67.3,8.2,2.9,7,1010.6
10/25/2022,30.4,27.1,23.8,3.7,23.4,80.3,7.2,3.5,5,1010.7
10/26/2022,31.6,27.8,24,2.8,23.4,77,6.2,1.6,2,1009.3
10/27/2022,32.2,28.7,25,3,23,71.3,4.1,1.7,1,1008.3
10/28/2022,35,30.5,24.6,3.6,20.7,55.9,5.1,1.2,1.2,1007.3
10/29/2022,32,29.2,26.6,4.7,22.8,68.3,4.1,1.4,5.5,1007.6
10/30/2022,33,29.5,27,7.7,22.8,67.5,4.6,1.1,6.8,1007.9
10/31/2022,31.6,29.4,26.8,6.3,23.9,72.1,2.6,0.4,7.5,1009
11/1/2022,31.6,29.3,26.6,4.6,24.1,73.3,5.1,1.4,6,1009.6
11/2/2022,32,29.1,26.8,3.8,24.4,75.9,6.7,1.2,4,1009.4
11/3/2022,32.2,29,26.2,4.7,23.6,72.7,5.1,0.8,5.6,1010.4
11/4/2022,33.2,28.3,25.4,2.5,23.9,77,4.6,0.8,3,1011.5
11/5/2022,32.2,28.4,25.6,3.6,24,76.9,7.2,1.1,2.4,1011.7
11/6/2022,30.6,28.3,25.6,3.8,24.6,80.4,5.1,0.8,5,1011.2
11/7/2022,30.4,27.5,25.6,0,24.1,81.6,3.1,0.3,0,1011
11/8/2022,30.2,27.3,25.1,0.2,24.1,82.8,3.6,0.8,2,1010.7
11/9/2022,31,28.5,26.2,2.7,22.6,70.6,5.1,0.9,0.6,1010.1
11/10/2022,30.4,27.2,26,3,24.3,84,4.6,0.9,0,1009.3
11/11/2022,33,28.1,25.8,1.1,22.6,72.1,9.3,2.2,0,1008.8
11/12/2022,32.2,27.3,25,3.4,23.9,81.6,5.1,0.7,1.4,1008.5
11/13/2022,29.8,27.2,24.6,4,23.9,81.9,5.1,1.3,5.2,1008.9
11/14/2022,32.4,28.9,25.6,3,24.3,76.4,6.7,1.4,0,1008.6
11/15/2022,32.4,29,27,6.8,23,70.3,4.6,0.6,2.9,1008.2
11/16/2022,31,29,25.2,2.6,24.3,75.8,7.2,2,3,1007.6
11/17/2022,27.8,26.3,25,2.4,23.6,85.3,6.2,1.2,4.2,1008.5
11/18/2022,32,28.1,26,0.7,23.2,74.9,5.1,1.5,0,1008.1
11/19/2022,33,29.1,26.6,3.8,23.4,71.4,3.6,1.7,2.4,1007.5
11/20/2022,33.2,29.4,26.2,4.4,22.8,67.6,4.1,2.1,5.8,1007.1
11/22/2022,34.2,29.7,26.8,4,23.1,67.8,10.3,2.1,4.7,1008.3
11/24/2022,31,28.4,25.6,5.3,23.5,75.1,4.1,0.7,5.5,1009.8
11/25/2022,31,28.4,26.4,3.2,23.7,76,3.1,0.3,1.6,1010.5
11/26/2022,31.2,26.2,24.6,2,23.5,85.4,4.6,1.1,0.9,1009.5
11/27/2022,31.2,28.3,25.4,1.2,24.2,78.7,3.6,1.1,0,1008.8
11/28/2022,31,27.6,24.8,6.5,24.4,82.9,6.7,0.7,7.4,1009.3
11/29/2022,32.6,29,26.2,2.8,24.1,75.1,7.7,2.3,3.2,1008.6
11/30/2022,31,28.6,26.2,5,24,76,3.1,0.5,8.5,1008.2
12/1/2022,32.2,28.5,26.4,2.2,23.8,75.6,8.7,2.1,0.4,1006.7
12/2/2022,30,27.7,25.2,4.2,23.8,79.2,4.6,0.9,6.5,1007.2
12/3/2022,31.4,28.4,26,2.2,23.7,75.7,6.7,1.4,1,1007.7
12/4/2022,30.8,28.3,26.2,4.8,23.8,76.4,7.2,1.9,6.5,1008.4
12/5/2022,31.6,28.7,26.6,3,24.1,76.2,7.2,1.4,1.8,1008.6
12/6/2022,30.2,27.7,25.6,5,24,80.7,3.6,0.8,5,1008.1
12/7/2022,30.6,28.2,25.6,2,24.2,79.2,5.1,0.5,0.4,1008.2
12/8/2022,32.8,27.8,25.6,2.5,23.6,78.2,5.1,1.1,1.5,1008
12/9/2022,31.6,26,24.2,1.3,23.2,84.5,4.6,1,0.8,1008.8
12/10/2022,33,28.6,25.6,3.4,23.7,74.8,4.1,1.4,3,1008.8
12/11/2022,31.6,28.7,25.8,3.7,22.8,70.4,7.2,1.4,5.4,1009.2
12/12/2022,33,28,25.6,3.2,22.8,73.5,7.2,2.5,1.2,1009
12/13/2022,32.4,28.7,26.8,7.3,22,67.3,9.3,2.5,6,1009.2
12/14/2022,32,28.8,26.6,3.6,23.3,72,3.6,1.4,3.7,1008.8
12/15/2022,34,30.3,27.4,3.4,22.9,64.8,5.1,1,2,1006.9
12/16/2022,31.8,27.5,25.4,5,23.2,77.7,5.7,1.2,6,1007.4
12/17/2022,32,28.2,26,0.8,24.6,81,3.6,0.9,1.2,1007
12/18/2022,31.4,27.8,25.4,4.2,24,80,3.6,1,6.5,1006.6
12/19/2022,31.4,28.8,26.8,2.6,24,75.2,6.7,1.7,2.4,1006.3
12/20/2022,30.2,28.1,25.8,5,23.9,78,9.3,2.2,6,1007
12/21/2022,31.4,28.5,26.2,2,24,76.6,6.7,1.6,2.8,1006.7
12/23/2022,29.6,27.9,25.6,2.5,24.1,80.2,4.6,1.5,0.4,1008.6
12/24/2022,29.6,27.4,25.6,4.8,24.3,83.1,6.7,1.7,0,1009.4
12/25/2022,28.2,26.2,24.8,5.2,23.9,87.3,3.1,0.7,1,1010.7
12/26/2022,28.4,26,23.6,1.1,23.8,87.7,2.1,0.1,0,1011.4
12/27/2022,29,26.7,24.2,1,23,80.2,3.6,1,0,1011.9
12/28/2022,29,25.1,23.4,1.9,22.7,86.7,8.2,2,0,1011.9
12/29/2022,29.2,26.6,24,0.7,23.2,81.6,5.1,1.4,0.8,1011.4
12/30/2022,28.4,26.6,24.6,0.4,24.3,87.4,2.6,0.5,0.6,1010.9
12/31/2022,28.8,26,24.8,0.6,23.3,85.2,7.2,1.2,0,1011.1
1/2/2023,29.4,27.4,25,4.7,23.6,79.7,4.1,1.5,0.7,1011.5
1/3/2023,28.6,26.6,24.4,3,23.3,82.3,6.2,1.3,0,1011.2
1/4/2023,29.4,26.4,24,,24,86.3,4.6,0.9,,1010.3
1/5/2023,31.4,27.9,24.4,,23.1,75.1,3.6,1.5,,1010.8
1/6/2023,33.2,29.7,27,2.8,22.7,66.1,4.1,1.3,2.2,1010.1
1/7/2023,33.4,29.8,26.6,5.8,23.3,68.4,4.1,1.5,6.2,1009.1
1/8/2023,31.2,28.7,26.4,7.1,23.2,72.4,8.2,1.4,8,1010.5
1/9/2023,32.4,29.4,27.2,4.1,23,68.7,5.1,2.7,3.8,1011.2
1/10/2023,34.2,29.7,26.2,2.4,22.2,64.2,6.2,1.3,5,1010.6
1/11/2023,31.6,29.2,26.2,4.8,23.4,71,3.6,0.9,5,1010.2
1/12/2023,32.4,29.9,27.4,3,23,67,2.6,0.5,0,1009.9
1/13/2023,32.4,28.7,27,5,23.6,73.7,5.1,1.2,8.3,1010.1
1/14/2023,32,29.3,26.4,4.8,23.4,70.6,3.1,1.1,4.5,1008.5
1/15/2023,34.8,30.1,26.6,4.7,23,65.6,3.6,2,6.4,1007.8
1/16/2023,31.8,29,26.2,4.5,22.1,66.6,4.1,1.1,6.5,1009.1
1/17/2023,29,27.7,26.2,3.1,23.5,78,4.6,1.1,1.2,1011.1
1/18/2023,30.8,28,25.8,1.8,23.5,76.8,6.7,0.7,0,1010.7
1/19/2023,30,27.9,26,2.5,23.5,77.5,5.7,1.9,1,1010.3
1/20/2023,32.2,28.5,25.8,2,22.6,70.6,3.1,0.9,2.4,1009.3
1/21/2023,31.6,28.9,26.4,3.8,23.4,72.6,7.7,2,3,1008.3
1/22/2023,33.2,29.1,26,2.2,23,69.5,5.7,1.8,5,1007.3
1/23/2023,32.2,28.8,26,6.6,22.8,70.2,2.6,1.8,6,1007
1/24/2023,33.4,29,26,3.4,23,70.3,6.7,1.6,3.2,1007
1/25/2023,29,27.2,26,4,22.8,76.9,3.6,0.9,5.5,1008.2
1/26/2023,30.3,27.7,26,2.6,23.7,78.7,3.1,1.2,0,1008.1
1/27/2023,29,27.2,24.5,2.5,23.6,81,5.1,1.1,2.4,1007.4
1/28/2023,27.6,25.8,24.6,1.2,24.4,91.8,2.6,0.5,0,1007.1
1/29/2023,28.8,27.5,25,0.3,23.9,80.8,5.7,1.1,0,1008.3
1/30/2023,30,28.5,26.2,1,22.9,71.6,5.1,0.9,0,1008.9
1/31/2023,29.2,27.9,26.6,0.4,24.1,79.9,3.1,1.2,3,1008.3
2/1/2023,29.6,27,24.6,0.2,24.5,86,4.1,0.8,0,1008.3
2/2/2023,29.5,26.6,23.4,0.1,24.4,87.5,6.2,1.7,0.2,1008.9
2/3/2023,31.2,27.3,24,1.4,23.5,79.6,3.1,0.6,0.2,1008.2
2/4/2023,29.8,28.1,26.4,0.6,24.2,79.7,5.1,1.9,0.1,1007.7
2/5/2023,33,29.3,26.8,2.4,22.6,67.5,8.2,1.6,1.2,1007.6
2/6/2023,32.2,29.3,26.6,5,22.6,67.5,3.6,1.5,5.5,1008.1
2/7/2023,30.2,27.4,23.6,2,24,81.6,3.6,1.2,3,1008.9
2/8/2023,31.8,27.8,25.2,3.8,23.4,76.9,3.6,1.2,2,1008.9
2/9/2023,31,27.5,25,3,21.9,71.9,9.3,1.3,2.2,1008.8
2/10/2023,31.8,27.9,25.4,4.6,24,79.3,7.2,1.6,1.5,1007.6
2/11/2023,29,26.6,23.8,2.4,24.4,87.8,3.6,1.4,6.3,1009.6
2/12/2023,27.4,25.7,24.2,5.2,23.2,86.1,3.6,1.6,1.5,1011.3
2/13/2023,30.3,27.4,25.6,1.8,23.2,78.1,9.8,1.4,0,1010
2/14/2023,30.6,27.9,25.8,1,23,74.8,7.2,2.3,0.9,1009.1
2/15/2023,30.6,28,26.2,2,22.7,73.2,4.6,1.1,0.9,1009.3
2/16/2023,30.6,27.1,25,7.8,23.7,81.7,2.6,1,1.8,1009.9
2/18/2023,30,27.6,26,0.5,24.6,83.5,7.2,1.6,0.2,1009.8
2/19/2023,30,28,26,4.8,24.1,79.5,3.6,1,5.2,1009.9
2/20/2023,32.2,28.6,26.4,3.8,23.4,73.6,3.1,0.7,4.3,1009.8
2/21/2023,30.6,27.5,25,2.5,23.3,78.3,3.1,0.7,6.5,1010.6
2/22/2023,30.2,27.3,24.7,3.7,24.1,82.7,5.1,0.9,3,1010.1
2/24/2023,28.2,25.9,24.6,0,24.7,92.9,4.1,0.7,3.6,1010.7
2/25/2023,29,26.9,25,0.2,24,84,4.6,2.3,0,1012
2/26/2023,29.2,26.4,24.8,6.7,24.6,89.8,4.1,0.9,0.4,1011.7
2/27/2023,30,27.3,24.8,3.4,23.5,79.5,5.1,0.7,0.5,1011.8
2/28/2023,31.2,27.2,24.6,4.8,23.7,81.5,4.1,1.3,1.5,1011.9
3/1/2023,29.4,26,24,2.7,24.3,90.4,7.7,1.3,1,1011.6
3/2/2023,26.8,25.4,23.8,0,23.7,90.1,3.6,0.5,0.5,1012.4
3/3/2023,31.6,27.1,24.2,0.2,23.2,79.1,9.3,1.2,0,1012.8
3/4/2023,29.2,27,25,7.9,23.7,82.5,3.6,1.2,2.2,1013.4
3/5/2023,28.8,27.1,25.4,5.8,24.3,84.6,3.1,0.5,2,1012.9
3/6/2023,32.1,28.6,25.2,2.3,22.5,69.5,6.7,1.6,2.4,1011.6
3/7/2023,31,28.2,25.6,4.8,23.2,74.7,3.6,1.4,5.2,1011.7
3/8/2023,29.2,26.6,25.2,5.8,24.2,86.5,2.1,0.6,8,1012.2
3/9/2023,31.2,27.3,24.2,1.1,24.1,82.4,7.2,1.2,0.5,1011.1
3/10/2023,32.3,28.1,25.6,1,23.8,77.6,5.1,1.1,6.1,1010.6
3/11/2023,32,29.1,26.6,3.7,24.4,75.6,4.1,0.8,8.4,1010.9
3/12/2023,30.6,28,25.6,4.9,23.9,78.3,4.1,1.1,8,1010.7
3/13/2023,31.6,28.8,26.2,3.4,22.9,70.6,8.2,1.7,2.6,1009
3/14/2023,28.4,27,24.6,6,24,83.5,6.7,1,7.6,1009.7
3/15/2023,27.8,26.2,24.4,2.5,23.9,87.2,4.1,0.6,0,1010.6
3/16/2023,31.2,28.3,25.2,0.3,24.1,78.1,4.6,1.3,0,1010.9
3/17/2023,31.8,28.8,26.2,4,22.7,69.8,9.3,2,8,1010.7
3/18/2023,31.4,28.8,26.4,6,24.4,77.1,3.1,0.9,9.1,1009.4
3/19/2023,31.6,28.8,26,7,24.9,79.9,6.2,1.5,8,1009.2
3/20/2023,32.4,28.6,25.6,4.5,23.1,72.1,5.1,1.1,6,1009.2
3/21/2023,33,29.6,26.8,4,22.8,66.8,4.6,0.5,7.6,1008.7
3/22/2023,32.2,29.7,27.4,5,24.4,73.6,3.1,0.4,7,1008.2
3/23/2023,33.2,29.7,27.2,3.7,24.2,72.5,9.3,1.3,6.7,1008.5
3/24/2023,32,29.5,27.2,4.2,24.4,74.1,6.7,1.3,7,1009.2
3/25/2023,33.6,27,24.2,4.1,24.6,87.1,5.1,1.3,5,1009.8
3/26/2023,30.6,27.7,24.8,5.9,24.2,81.2,4.1,0.9,3,1008.7
3/27/2023,32.2,27.8,26,5.6,24.6,82.9,5.1,0.9,6.5,1009.2
3/28/2023,29.6,27.3,25.6,2,24.7,85.8,3.6,0.4,3,1009.9
3/29/2023,31.6,26.7,24.6,1.6,23.5,82.9,5.7,1.4,0,1009.6
3/30/2023,30.4,27.7,24.8,,24.9,85,3.6,0.5,,1009.3
3/31/2023,33,29.1,26.2,4.6,21.8,64.5,8.7,1.8,4,1009.3
4/1/2023,31,27.9,26,2.5,23.3,76.1,4.1,1.8,3,1009.7
4/2/2023,32.4,28.7,25,2.7,23.5,73.6,7.2,0.9,0.3,1008.5
4/5/2023,32.4,29.3,26.6,3,22.5,66.6,5.7,0.7,3.2,1009.4
4/6/2023,34.6,30.1,26,4.6,19.6,53.6,5.1,1.1,9.2,1010.1
4/7/2023,32.4,29.4,26.4,5.5,22.5,66.4,4.6,0.7,5.6,1010.6
4/8/2023,33,29.3,27,5.3,23.9,72.9,3.1,0.9,8,1011.4
4/9/2023,32.6,29.4,27,5,24.1,73.4,4.1,1.8,7.6,1011
4/11/2023,33.4,29.2,27.2,3,22.8,68.3,5.7,2.4,2.9,1009.2
4/12/2023,34.6,29.6,26.6,4.4,22.4,65.6,11.3,2.3,5.2,1008.9
4/13/2023,33.4,29.5,26.5,3.2,23.6,70.8,2.6,0.9,5.5,1009.3
4/14/2023,32.8,28.2,25.6,3.6,24.6,80.7,8.7,1.6,3.4,1009
4/15/2023,31.4,29.1,26,0,24.5,76.5,5.7,1.1,5.8,1008.8
4/16/2023,32.2,28.8,26.8,0,24.6,78.1,2.6,0.8,6.8,1009.2
4/17/2023,33.2,29.8,26,5.3,24.7,74.3,2.6,0.6,5.5,1010.5
4/19/2023,34.2,28.8,25.6,1.5,25.1,80.7,2.1,0.6,4.8,1007.8
4/20/2023,32.4,29.2,26.6,7.3,25.1,79,5.1,0.5,7.6,1007.3
4/21/2023,33.1,29.6,26.8,5.2,25,76.5,2.6,0.6,3.7,1008
4/22/2023,33.6,30.3,27,5,25.2,74.2,2.6,0.8,6.4,1008
4/23/2023,33.8,29.5,27,3.6,25.1,77.3,4.6,1.2,7,1008.9
4/24/2023,33.4,29.2,25.8,6,24.9,78,5.1,0.8,7,1008.7
4/25/2023,32.2,29.1,26.4,5.1,24.9,78.3,4.1,0.3,7.5,1008.4
4/26/2023,32.6,29,27,1.2,24.7,77.7,7.2,1.1,3.2,1008.4
4/27/2023,33,30,27.4,2.5,25.5,76.9,3.1,0.7,7.4,1008.2
4/28/2023,32.4,29.5,26.6,1.9,25.5,78.9,3.6,1.1,5.8,1008.7
4/29/2023,32,29.6,26,4.8,24.9,75.8,4.1,0.7,4.7,1008.1
4/30/2023,32.6,29.7,27.4,4,25,76.1,4.6,1.1,3,1007.3
5/1/2023,30.4,28.8,27.4,3.8,25.5,82.6,3.1,0.5,4.8,1008.1
5/2/2023,31.2,29.4,27.6,4.5,25.7,80.3,3.1,0.9,1.4,1008.9
5/3/2023,33.4,29.4,26.4,2.5,25.4,79,2.6,0.9,3,1009.4
5/4/2023,33.5,29.7,27.2,3.5,25.1,76.4,3.1,0.6,3.8,1008.5
5/5/2023,33,28.7,26,5,25.1,81,3.1,0.8,6.6,1007.1
5/6/2023,32.8,29.5,26.4,6.8,25,77.2,3.1,0.5,3.9,1007.5
5/7/2023,32.8,28.3,26.4,2.8,25.2,83.2,5.7,1.3,3.4,1008.4
5/8/2023,32.1,28.9,26.6,6.4,24.4,76.8,3.1,1.4,4.7,1009
5/9/2023,33.8,30.4,27.4,4,25.4,74.7,2.6,0.9,3,1008.9
5/10/2023,33.7,30.6,28.4,3.7,25.6,74.7,5.1,0.8,3.6,1009.4
5/11/2023,31.4,29.3,28.2,3.9,24.8,77,2.6,1,6.2,1010.9
5/12/2023,34.2,30.8,28,3.5,25.1,71.6,5.7,1.2,1.3,1010.9
5/13/2023,33.4,29,26.2,5,25.2,79.9,4.6,1.2,7,1011.6
5/14/2023,33,29.5,26.2,2.1,23.1,68.8,2.6,0.8,6.5,1011.7
5/15/2023,32.4,29.6,26.8,6.9,23.7,70.8,5.7,0.6,6,1012.1
5/16/2023,33.2,30,27.4,5.8,23.8,69.4,3.6,0.3,6.6,1012.2
5/17/2023,33.2,30.1,27.4,4,23.8,69.1,5.1,1.3,7.5,1012.2
5/18/2023,31.4,29.1,27.2,4,24.4,75.8,2.6,0.5,6.2,1012.1
5/19/2023,32.8,29.7,27.4,3.4,24.4,73.3,6.2,1.1,0,1011.6
5/21/2023,33.4,29.2,26.6,5.9,24.6,76.2,3.1,0.9,2.5,1012
5/22/2023,32.6,29.5,27.2,4.7,24.7,75.7,1.5,0.4,6,1012
5/23/2023,33.2,29.6,27,1.3,23.8,71.3,5.1,1.1,5.3,1012.2
5/24/2023,33.2,29.6,27,3,24.5,74.3,2.6,0.6,4.2,1012.7
5/25/2023,32.8,29.8,27.4,3.3,24.3,72.3,3.6,0.6,2,1012
5/26/2023,33.8,30.1,27.2,3.5,24.5,71.9,2.6,1,5.2,1011
5/27/2023,32.8,29.1,25.8,3.2,24.6,76.7,2.1,0.6,4.4,1009.5
5/28/2023,32.4,29.4,26,2.3,24.8,76.4,4.6,1,2.5,1009.6
5/29/2023,32.2,29.9,28,4.7,25,75,3.1,0.6,2.5,1010
5/30/2023,32.4,29.6,27.6,3.6,24.7,74.8,6.7,1.4,3.7,1010.5
5/31/2023,32.2,29.8,26.6,1.5,24.4,72.8,3.1,0.5,4,1010.1
6/1/2023,32.6,29.8,27.2,3.2,24.3,72.5,7.2,1.4,5,1010.3
6/2/2023,34.2,30.3,27.4,5.4,24.5,71.2,3.1,0.7,6.5,1010.4
6/3/2023,33.2,30.2,27.8,1.6,24.6,72.4,3.1,0.9,5.7,1010.4
6/4/2023,32.5,29.6,27.2,6.5,24.5,74,2.1,0.6,6.2,1009.8
6/5/2023,32.6,29.5,27,3.9,24.6,74.9,6.2,1.1,4,1009.4
6/6/2023,31.4,27.9,26,5.3,24.4,81.5,3.1,0.4,4.4,1010.4
6/7/2023,33.7,29.8,26.4,0.1,24.2,71.8,5.1,1.1,0,1010.7
6/8/2023,33.4,29.6,26.2,1.7,24,72,4.6,1.1,4,1011
6/9/2023,33.4,30.1,26.4,5.9,24.5,72.1,2.6,0.9,3.5,1009.7
6/10/2023,32.4,29.6,26.6,2.1,24.3,73.3,2.6,1.4,5.2,1009.4
6/11/2023,33,29.6,26.6,5.8,23.4,69.5,5.1,0.8,4,1009.9
6/12/2023,33.6,30.1,27.2,6,24.5,72.4,3.6,0.9,5.6,1010.1
6/13/2023,34.2,30.5,27.6,5,25.3,73.5,2.1,0.7,3.4,1009.9
6/14/2023,33,29.7,27.2,4,24.7,74.6,2.6,0.4,2.5,1011.1
6/15/2023,33,29.5,25.4,1.6,24.3,73.8,3.6,1.4,2.4,1010.5
6/16/2023,27,25.8,25.2,5.4,24.4,92.3,2.1,0.1,2,1010.9
6/17/2023,31,28.2,25.4,1,24.1,78.6,4.1,0.9,0,1010.8
6/18/2023,31.4,28.8,26.8,1.2,25.2,80.7,4.1,1.3,1.5,1010.5
6/19/2023,31,26.8,25.2,2.4,24.8,88.7,2.6,0.7,2.3,1011.1
6/20/2023,33,29.6,25.6,1,24.5,74.2,2.6,0.6,0.2,1010.9
6/21/2023,32.4,29.5,26.8,2,25.4,78.3,5.1,0.9,3.3,1010.6
6/22/2023,33.4,29.1,26.6,3.5,24.9,78.3,3.1,0.6,3.9,1010
6/23/2023,33,29.5,26.8,1,24.6,74.7,4.1,1.6,3.7,1009.6
6/24/2023,31.6,28.9,26,3,24.8,78.9,3.1,1.1,3.6,1009
6/25/2023,31.8,28,25.4,5.4,24.6,81.9,4.1,0.6,4.2,1009.4
6/26/2023,31.2,28.6,26.6,6.2,24.3,77.7,4.6,1,2.6,1010
6/27/2023,32,28.6,26,,24,75.9,5.1,1.4,,1011.2
6/28/2023,33.4,29.4,25.4,3.7,23.8,72,5.1,0.8,4,1011.5
6/29/2023,32.4,29.1,26.4,2.9,24.2,75.1,5.1,0.6,4.2,1010.2
6/30/2023,32.8,29.5,26.8,3.4,24.5,74.8,7.2,1.5,3.5,1010.4
7/1/2023,32,29.4,27.4,6.6,24.6,75.4,2.1,0.8,4.8,1011.4
7/2/2023,32,29.1,27.2,2.6,24.6,76.9,4.6,1.2,2.7,1011.7
7/3/2023,31.6,29.2,26.2,2,24.2,74.4,6.7,1.3,,1010.7
7/4/2023,33,29.5,26.2,4,24,72.1,2.6,0.5,3.5,1009.7
7/5/2023,33.2,29.7,26.4,5,24.3,72.6,5.1,1.1,5.5,1009.9
7/6/2023,29.6,27.8,26.4,4.1,24.9,84.2,2.6,0.1,6,1011.4
7/7/2023,31,27.1,25.4,0.4,24.1,83.7,3.6,0.4,1.5,1012.2
7/8/2023,32,28.3,25.6,3.2,24.2,78.2,2.6,0.9,1.2,1011.9
7/9/2023,33,29.4,25.6,3.8,23.8,72.2,4.1,2.1,2.4,1010.1
7/10/2023,32.4,29.5,26.4,1.5,23.9,72.2,4.1,1.1,4.5,1010.7
7/12/2023,32,29.3,26.8,4,24,72.8,5.1,0.9,6.6,1011.2
7/13/2023,32.2,29.2,26.5,2.8,23.2,70.1,6.2,1.4,6.3,1011.3
7/14/2023,32.4,29.4,27,4,23.6,70.8,2.1,0.6,4.5,1010.9
7/15/2023,32.2,29.2,26.8,4.2,23.8,72.9,7.7,1.7,4,1011.1
7/16/2023,32.4,29.4,26.6,5,23.5,70.8,3.6,0.7,5,1010.2
7/17/2023,33.2,29.5,25.8,7.2,22.9,67.6,3.1,0.8,5.6,1009.8
7/18/2023,32.8,29.1,25.8,6,21.9,65.2,3.1,0.7,5,1010.5
7/19/2023,33.6,29.4,25.4,4,20.6,59.2,4.6,0.9,6.6,1009.6
7/20/2023,32,28.8,25.4,5.5,20.7,61.9,4.1,0.9,6.8,1010.7
7/21/2023,32,29.1,26.8,4.3,22.8,68.9,5.1,1,6.6,1011.7
7/23/2023,33,29.4,26.6,2,23.5,70.9,4.1,1,6,1011.3
7/24/2023,31,28.3,26,2.8,24.3,78.7,5.1,0.9,6.8,1011.7
7/25/2023,30.4,28.6,26,3.3,23.9,75.7,5.1,0.3,2.7,1012
7/27/2023,32.2,28.8,26.8,2.9,23.2,71.7,4.6,1,1.5,1011.8
7/28/2023,32.8,29.1,26,2,22,65.6,6.2,1.2,1,1011.5
7/29/2023,32.4,28.9,25.8,5,22.2,67.3,3.1,1.8,6.3,1011.7
7/30/2023,33,28.6,24.8,5.5,21.4,65.1,5.1,1.8,6,1011.5
7/31/2023,32.4,28.8,25.4,2.8,21.7,65.8,3.6,0.8,4.8,1011.3
