rr,ws_avg,ws_max,wd_avg,tt_air_max,tt_air_avg,tt_air_min,rh_avg,pp_air,sr_avg,tt_sea,wl_pan,ev_pan
82,1.9,6.1,120,30.3,29.3,23.9,74.2,1011,342.9,26.04,26.04,
2.8,1.67,4.9,200,30.7,27.98,24.2,73.89,1009.63,165.44,27.42,27.42,0.07
90.6,1.68,6.5,245.56,31,25.38,22.9,85.76,1010.16,156.97,18.81,18.81,0.1
27.2,1.21,7.6,254.17,31.3,26.48,24.4,85.94,1008.88,85.24,26.4,26.4,0.01
25.8,1.18,6.8,272.22,32.3,26.73,24.9,84.34,1007.26,78.38,26.65,26.65,0.09
2.4,2,10.9,262.22,30,26.51,24.2,82.37,1009.64,260.48,24.25,24.25,0.05
100,1.06,7.1,208,29,26.38,24.3,85.69,1009.77,37.72,27.44,27.44,0.15
0,1,3.1,195,28,26.8,25.6,84.9,1010.2,35.8,27.75,27.75,
0.4,1.86,7.2,292.86,28.9,26.33,24.8,86.16,1009.27,165.54,146.47,146.47,0
0,1.6,5.8,277.5,31.9,27.55,25.2,80.68,1006.15,88.25,17.13,17.13,0.03
24,0.87,4.3,220,29.7,26.05,24.6,88.08,1009.43,61.12,24.39,24.39,0.1
0,1.95,5.8,275,30.4,28.63,25.7,73.95,1010.38,246.38,29.53,29.53,0.05
32.8,1.64,8,195.83,31.3,27.48,24.4,79.93,1007.67,210.8,27.22,27.22,0.03
14.4,1.66,5.3,266,32.4,26.78,25.2,84.1,1010.14,50.64,13.1,13.1,0
10.6,1.19,5.5,225,30.1,25.9,23.8,86.14,1007.9,81.24,155.58,155.58,0
11.4,3.04,10.6,282,32.1,27.04,10.5,80.84,1006.36,440.54,14.7,14.7,
0.8,0.9,5.9,145,31.7,28.58,26,77.57,1008.43,76.8,23.45,23.45,0
69.4,1.41,10.7,256.67,31.7,26.84,24.8,83.36,1007.79,137.66,21.93,21.93,0
0,1.83,6.8,317.06,31.3,27.38,25.2,75.64,1009.32,231.36,27.53,27.53,0.07
2,1.9,8.7,247.27,32.4,28.9,25.6,75.25,1010.15,236.51,30.8,30.8,0.15
4.8,2.5,9.8,261.36,32.9,29.07,25.5,74.86,1009.71,386.96,30.32,30.32,0.09
0.8,1.8,7.6,248.18,31.5,28.53,25.6,75.07,1010.08,207.8,30.05,30.05,0.1
0,1.54,8.3,256.82,31.8,28.2,24.3,71.68,1010.53,183.19,30.56,30.56,0.07
0,1.77,6.5,227.73,31.8,28.59,24.9,72.72,1010.75,246.85,30.3,30.3,0.12
0.4,1.72,6.8,202.27,32.3,28.46,25.8,73.73,1010.89,261.95,29.97,29.97,0.03
2.6,1.62,6.4,230.45,32.1,28.83,25.6,72.34,1011.29,176.8,29.68,29.68,0.17
69.2,1.89,11.2,225.91,31.9,27.2,23.5,80.96,1011.66,263.73,29.91,29.91,0.02
21.4,1.66,6.2,254.09,32.4,28.37,24.5,78.14,1010.25,149.69,29.81,29.81,0.11
2.4,1.96,8.1,257.27,32.1,28.11,24.9,79.68,1009.34,249.13,30.6,30.6,0.03
17.2,1.61,8.4,261.9,31.3,27.78,25.1,80.52,1009.76,176.53,29.75,29.75,0.1
34.2,2.34,11.4,270.45,32.2,26.86,24,82.29,1010.46,392.86,29.05,29.05,0.1
6.2,1.87,9.2,277.73,30.4,26.78,24.5,81.93,1010.83,247.15,28.35,28.35,0.1
38.8,1.78,14.3,252.73,30.1,26.35,24.1,85.52,1010.71,180.79,27.8,27.8,0.05
0.2,1.74,7.1,294.55,32.6,27.59,24.6,78.6,1009.91,205.21,29.4,29.4,0.12
3,1.7,10.2,262.73,31.9,27.38,24,78.89,1009.92,207.48,28.17,28.17,0.06
0,2,7.1,299.09,34.1,29.75,24.9,71.18,1009.43,299.06,30.62,30.62,0.03
0,2.31,10.3,256.67,32.9,29.53,26.1,72.12,1009.11,384.17,26.61,26.61,0.06
11.8,2,10.4,262.27,32.6,28.26,25.5,78.45,1008.36,313.57,30.52,30.52,0.17
105.2,2.1,10.6,244.09,32.3,27.16,24.1,82.76,1008.38,282.04,29.26,29.26,0.2
6.4,1.51,26.3,267.73,30.4,26.78,24.7,83.41,1009.69,179.92,28.31,28.31,0.09
6.4,1.79,8,272.73,30.8,27.6,24.8,78.99,1009.69,195.25,30.01,30.01,0.2
0.6,1.61,8.4,270,31.8,28.33,25.1,76.2,1009.4,214.47,30.7,30.7,0.03
1.4,1.85,8.2,258.64,30.8,27.59,25.4,81.25,1009,239.33,29.18,29.18,0.11
0,2.39,9.8,265,32.4,29.1,25.5,75.03,1007.59,353.72,30.82,30.82,0.08
1.4,2.63,10.6,274.09,33.8,28.5,25,77.23,1007.34,447.81,30.17,30.17,0.03
3,1.9,11.2,284.55,33.3,28.1,25,80.05,1008.2,247.56,30.59,30.59,0.11
16.2,1.88,10.4,267.39,32.1,27.8,25,80.78,1009.36,234.31,28.7,28.7,0.16
2.6,2.05,10.1,279.55,32.4,28.05,24.8,79.85,1009.95,285.01,30.44,30.44,0.08
0,1.78,6.7,249.52,33.1,28.38,25.1,75.39,1009.69,237,30.34,30.34,0.07
4,1.7,11.1,242.27,31.8,27.67,24.2,77.73,1009.37,188.65,29.25,29.25,0
3.8,2.09,9.3,283.04,33.2,27.68,24.7,78.33,1008.94,285.39,29.71,29.71,0.11
1.4,1.84,7,280,32.3,28.02,24.8,75.47,1008.52,236.56,29.18,29.18,0.16
24.6,1.73,11.4,290.95,34.1,27.3,23.9,79.48,1009.59,228.27,28.08,28.08,0.22
21.6,1.69,6.4,240,31.8,27.63,24.5,79.88,1009.04,220.8,30.26,30.26,0.08
21.8,2.04,8.5,246.36,32.7,28.05,24.9,78.56,1008.03,295.65,30.19,30.19,0.07
2.8,1.71,8.9,250,30.2,26.61,24.5,85.76,1007.93,220.91,27.65,27.65,0.16
7,1.06,7.5,245,33.1,28.33,25.1,76.49,1007.24,128.58,29.05,29.05,0.14
0.2,2.97,10.6,336.67,30.4,28.32,26.1,70.84,1007.52,613.04,27.48,27.48,0
0.2,2.16,10.3,305.5,33.6,29.61,26.3,70.16,1008.75,382.03,30.19,30.19,0.08
1.8,2.51,12.3,271.9,32.1,27.22,24.4,79.27,1008.69,426.95,28.15,28.15,0.09
0,1.4,4.9,253.18,32.8,28.97,24.8,72.25,1007.23,166.1,30.86,30.86,0.1
1,2.02,10.3,269.13,32.8,28.44,24.8,74.55,1007.14,308.4,29.44,29.44,0.07
0,1.83,6.5,277.39,31.3,27.7,25.1,78.93,1006.35,211.65,28,28,0.04
39.8,1.1,7.6,223.64,31.6,25.96,24.1,86.75,1007.21,82.29,26.53,26.53,0.07
0,1.46,5.9,186.19,30.9,28.03,24.4,77.7,1009.4,158.12,29.86,29.86,0.12
180.2,1.07,7.9,219.05,27.9,25.43,24.4,91.35,1009.53,39.68,26.05,26.05,0
10.4,1.53,6.4,194.29,30.8,27.44,24.7,82.14,1006.83,188.53,30.37,30.37,0
2.2,1.19,7.4,226.67,31.7,26.95,24.7,84.79,1007.33,131.8,29.2,29.2,
0,1.34,5.1,284.09,30.2,27.31,24.9,80.04,1009.1,148.26,28,28,
29.6,1.52,7.1,258.26,32.4,27.39,24.5,80.27,1009.84,153.92,28.88,28.88,0.12
11.6,1.37,6.3,225.45,32.2,27.35,24.4,80.19,1009.73,125.73,29.33,29.33,0.16
0,1.67,5.9,257.73,31.2,27.75,24.3,79.05,1009.7,136.13,29.45,29.45,0.15
3.4,1.04,4.9,272.38,27.7,26.29,24.7,85.51,1010.8,36.84,26.93,26.93,0.07
0,1.78,9.4,266.5,31.1,27.9,24.2,78.63,1010.74,232.44,29.42,29.42,0.08
0,2.02,8.3,258.18,32.5,28.82,24.9,71.47,1010.53,310.52,30.11,30.11,0.11
0,2,10,291.82,32.2,28.02,24.7,73,1010.02,325.76,28.83,28.83,0.1
0,2.07,13.2,247.73,32.3,27.17,23.9,77.02,1009.6,390.63,28.18,28.18,0.05
0.2,1.95,8.9,283.64,32.5,27.78,24.2,75.93,1008.38,282.45,28.91,28.91,0.16
0.2,2.49,9.1,256.82,31.6,27.51,24.6,76.97,1008.5,393.77,28.12,28.12,0.16
4.4,3.29,12.5,270.45,33.4,28.53,25.3,75.2,1008.61,589.77,29.99,29.99,0.1
3,2.31,12.6,265,32.3,27.16,23.9,78.5,1008.8,373.26,28.71,28.71,0.18
2,1.75,7.7,270.91,31.3,28.04,24.5,79.69,1009.26,212.89,29.7,29.7,0.16
0.8,1.49,7.8,220.45,30.5,28.14,26,77.9,1009.83,181.67,29.24,29.24,0.15
17.2,1.25,9.1,204.55,29.8,26.37,24.1,86.28,1010.02,115.67,27.7,27.7,0.19
22.8,2,8.1,218.33,31.8,27.46,24.5,81.23,1009.44,290.27,29.17,29.17,0.12
11.2,1.56,7.2,213.64,30.3,26.55,24.7,87.55,1009.31,156.47,28.04,28.04,0.05
25.2,1.67,7.5,255.91,31.2,28.37,25,80.76,1008.56,205.58,30.6,30.6,0.2
20.8,1.23,4.6,263.75,30.8,27.16,24.4,84.06,1008.31,78.01,28.5,28.5,0.16
0.4,1.26,4.8,220.48,30.6,27.4,24.5,81.11,1007.59,113.14,29.33,29.33,0.13
0.4,1.78,7.6,279.52,32.2,28.11,25.4,78.89,1006.17,208.08,30.27,30.27,0.06
7.2,1.64,9.4,271.82,31.1,27.04,24.5,83.67,1006.3,232.95,28.02,28.02,0.02
6.6,1.89,6.1,208.75,32.2,28.41,25.3,80.39,1008,261.73,30.82,30.82,0.07
103.8,1.7,6.6,219.09,31.6,28.14,24.1,82.12,1008.09,198.63,30.65,30.65,0.08
9,1.14,5.1,203.81,28.4,26.18,24,87.69,1008,46.81,26.93,26.93,0
0.2,1.57,5.7,183.18,31.8,27.91,25,80.12,1007.63,186.51,30.85,30.85,0.17
70.4,2.05,11.7,179.09,32.3,29,23.7,77.55,1007.1,245.49,31.05,31.05,0.13
32.8,1.41,5.6,276.52,31.6,27.81,24.6,82.22,1007.43,102.68,29.61,29.61,0.04
47.6,2.4,11.3,214.76,31.7,28.01,24,81.92,1008.04,342.65,29.75,29.75,0.01
0,2.3,9,254.35,32.3,28.65,24.5,77.49,1008.66,360.78,29.43,29.43,0.11
0,1.99,10.4,252.17,32.2,28.38,25.3,76.44,1009.07,292.85,28.81,28.81,0.01
11,1.93,11.2,293.64,33.8,27.68,25,80.9,1009.03,271.32,28.32,28.32,0.06
17,1.67,9.8,254.55,31.6,26.55,24,84.76,1009.1,195.21,28.02,28.02,0.03
0,1.84,8.6,277.62,32.4,27.68,24.5,77.87,1009.21,219.08,28.87,28.87,0.15
33.4,1.51,10.2,203.18,31.2,28.32,24.2,79.59,1010.3,165.24,29.55,29.55,0.1
0.6,2.25,7.7,240.77,31.1,28.68,24.4,76.59,1010.88,328.52,19.29,19.29,0.1
0,1.9,7.1,267.62,32.1,27.97,24.8,78.12,1010,263.15,50.69,50.69,0.09
0,1.44,6.7,214.78,31.7,28.59,25.5,75.73,1008.84,133.34,29.03,29.03,0.08
0,2.02,9.2,268.7,32.5,28.19,24.8,76.92,1009.32,284.77,29.19,29.19,0.07
6.2,1.68,6.7,215,31.9,27.54,24,80.5,1009.77,240.94,29.92,29.92,0.07
27.4,2.03,7.5,196.11,31.9,27.53,24,78.73,1009.99,298.01,66.4,66.4,0.05
0,0.99,4.1,221.82,31.7,27.58,24.5,78.61,1010.45,89.71,18.46,18.46,0
49,1.58,8,182.86,31.4,27.46,24.5,81.89,1010.24,231.13,29.51,29.51,0.02
10.4,1.6,9.1,227.62,30.7,26.27,23.9,85.46,1011,162.97,27.69,27.69,0
0.8,1.49,7.2,242,31.8,27.96,24.5,79.14,1011.58,152.68,30.47,30.47,0.16
11.6,1.64,6.4,237.62,31.4,28.27,25.3,78.27,1011.41,200.63,30.72,30.72,0
1,1.34,5.7,219.55,31.2,27.99,25.5,79.5,1011.43,139.45,29.72,29.72,0.14
43.8,1.35,6.6,201.9,30.3,27.03,24.3,80.68,1011.02,142.12,28.6,28.6,0.06
0.8,1.47,6.5,260.48,30.1,27.31,25.1,80.57,1010.72,156.49,29.4,29.4,0.05
0,1.34,23.6,225.91,30.3,27.65,25.1,81.56,1009.99,132.52,29.9,29.9,0.1
0,1.79,6.3,218.18,31.3,27.64,24.5,79.44,1010.24,251.6,29.56,29.56,0.17
2.4,1.83,6.8,173.33,31.5,28.6,24.8,77.13,1009.44,257.26,30.51,30.51,0.06
0.4,1.87,6.9,166.67,31.5,28.68,25.4,74.87,1008.84,281.22,29.86,29.86,0
2.6,2.02,7.1,158.1,31.8,28.76,25.8,74.38,1008.76,357.76,29.78,29.78,0.02
0,1.76,6,191.36,32,28.36,25.2,77.29,1008.65,281.61,30.72,30.72,0.18
0,2.2,7.1,210.91,32.1,28.78,25.6,77.04,1009.07,400.59,30.26,30.26,0.08
0,2.1,6.4,206.36,31.8,28.46,25.3,78.12,1008.6,382.66,30.08,30.08,0.1
0,1.81,6.8,171.36,32.2,29.06,25.9,76.24,1008.05,318.03,31.22,31.22,0.05
26.2,1.53,6.1,225,32.6,28.15,25.1,81.73,1008.92,233.64,29.62,29.62,0.33
13.6,1.35,6.3,206.82,31.8,27.86,24.9,80.87,1009.42,143.35,29.09,29.09,0
45.8,1.55,8.7,216.09,32,27.45,24.6,81.93,1008.77,187.38,29.39,29.39,0.13
0,1.03,3.9,229.05,29,27.15,25.1,84.25,1009.15,75.84,27.6,27.6,0.07
4.2,1.76,5.9,204.76,31.7,27.87,24.8,80.26,1009.09,226.42,30.02,30.02,0.04
0,1.85,6,210,32,28.38,25.1,80.06,1008.55,250.4,30.19,30.19,0.09
8.6,1.69,6.9,256.96,32.3,28.05,25.2,80.88,1008.7,226.5,29.9,29.9,0.1
0,1.5,5.1,223.18,31.5,28.42,25.4,80.03,1007.8,161.7,30.27,30.27,0.17
8,1.76,7.9,220,32.8,28.69,25.8,79.32,1006.97,230.75,82.52,82.52,0.1
1.6,1.62,7.6,254.29,31.9,28.09,25.4,78.95,1007.97,169.17,28.9,28.9,
0,1.38,6.3,258.7,31.9,28.34,25.7,80.6,1008.22,127.14,29.03,29.03,0
0,1.16,4.9,214.09,31.6,28.72,26,79.99,1008.11,99.84,29.81,29.81,0.06
5,1.53,7.5,225.24,32.5,27.41,24.9,82.2,1008.69,179.64,29.23,29.23,0.11
1,1.91,6.5,235.91,31.3,27.57,24.9,82.4,1008.74,295.47,29.92,29.92,0.11
13.2,2.08,10.6,133.18,32,28.93,25.2,79.99,1009.03,368.16,30.64,30.64,0.11
64,1.93,7.8,175.91,31.6,27.91,25.1,82.93,1009.58,292.48,29.43,29.43,0.05
0.6,2.06,7,139.09,31.4,28.58,25.5,79.39,1008.15,291.57,30.1,30.1,0.23
0,2.03,7.5,188.18,31.6,28.61,25.8,80.07,1007.7,307.16,30.54,30.54,0.02
0,1.97,6.9,220.45,31.7,28.78,26.1,79.35,1007.96,327.49,30.63,30.63,0.08
0,1.8,8,238.18,31.6,28.75,26.2,80.25,1008.37,253.97,30.3,30.3,0.06
1,1.65,6,195,33,29.22,26.5,77.4,1008.04,237.48,30.83,30.83,0.13
13.2,2.27,7.8,151.36,32.3,29.8,26.2,78.65,1007.95,401.05,31.5,31.5,0.13
0,1.4,6.1,240,31.7,28.91,26.9,84.36,1007.96,143.9,29.98,29.98,0.15
0,2.02,8.4,204.55,32.5,29.26,26.9,76.98,1009.09,301.94,29.69,29.69,0.1
1.6,1.41,7.5,199.55,32.8,28.83,26.3,80,1009.56,170.85,30.14,30.14,0.11
0,1.41,5.8,242.27,32.1,29.23,26.5,79.41,1010.88,159.5,30.32,30.32,0.08
2.4,1.45,5.7,222.73,32.4,29.6,26.9,78,1010.73,197.55,31.52,31.52,0.12
4.2,1.3,5.3,194.09,31.6,29.06,26.8,80.33,1010.36,136.79,31.21,31.21,0.12
0,1.58,5.5,185.91,31.7,29.05,26.1,75.93,1010.9,195.98,30.88,30.88,0.08
23.6,1.96,6.8,182.73,31.8,28.92,25.4,77.49,1011.37,258.18,30.7,30.7,0.04
11,1.37,5.1,240.91,30.7,27.16,25.1,86.37,1011.35,112.18,28.76,28.76,0.17
0.6,1.5,6.3,163.81,30.9,27.77,25.5,81.82,1010.44,181.44,29.85,29.85,0.06
5,1.46,6,232.27,31.8,27.68,24.6,81.76,1009.31,113.75,28.84,28.84,0.08
0.2,1.06,6.1,218.18,30.2,27.9,25.4,83.13,1008.14,59.42,28.63,28.63,0.06
0,1.59,5.8,204.55,31.5,28.42,25.5,79.05,1008.7,173.88,29.74,29.74,0.05
9.8,1.99,6.9,201.36,32.4,28.69,24.8,78.94,1010.83,247.49,30.04,30.04,0.1
0,1.33,4.9,181.43,31.5,28.39,24.9,77.46,1010.17,134.77,29.34,29.34,0.07
20.4,1.85,8.7,240,29.7,25.64,24,87.39,1010.1,225.09,26.45,26.45,0.12
0.4,1.57,5.2,227.62,30.6,27.56,24.5,79.23,1009.76,153.15,28.66,28.66,0.06
0,1.78,8.1,220.95,33.9,28.74,24.9,75.56,1008.53,281.1,29.69,29.69,0.06
0,1.89,8.6,285.71,33.3,28.47,25.2,76.88,1008.22,287.59,29.39,29.39,0.09
0,1.78,8.3,278.5,34.1,28.6,25.7,76.56,1007.73,277.59,29.63,29.63,0.07
10.8,1.74,9.2,255,31.5,27.58,25.4,81.18,1008.98,245.08,28.7,28.7,0.03
2.6,1.1,5,198.57,31.5,28.1,25.5,79.68,1009.46,72.23,29.03,29.03,0.07
2,1.23,6.2,192.86,30.4,27.32,24,81.95,1010.67,97.31,28.72,28.72,0.1
0,1.46,4.9,195.91,30.9,27.9,24.5,76.23,1010.75,155.85,30.15,30.15,0.13
0,1.37,6,205,31,28.21,25.3,74.7,1010.76,132.56,29.45,29.45,0.19
9.8,1.49,5.7,190,31,28.05,25.5,79.3,1010.08,180.06,29.37,29.37,0.17
4.4,1.49,11.2,200.95,29.6,25.87,23.6,87.17,1009.8,162.88,27.09,27.09,0
0,1.39,5.2,176.47,30.5,28.26,23.8,79.3,1008.93,171.61,30.14,30.14,0.04
12.8,1.3,6.8,247.14,31.6,27.18,24.7,83.35,1009.78,107.13,28.8,28.8,0.04
1.6,1.35,4.3,190,31.2,28.24,25,77.59,1009.79,101.53,29.87,29.87,0.04
43.2,1.62,7.8,203.64,31.5,28.15,24.9,78.7,1009.66,160.51,29.47,29.47,0.1
2,1.43,4.9,208.18,31.1,28.28,25.4,79.93,1009.82,160.53,30.04,30.04,0
0,1.32,5.2,225.91,30.6,27.75,25,82.79,1010.16,118.86,29.17,29.17,0.01
0,1.14,5.6,207.62,30.3,27.05,25,81.43,1010.5,100.8,27.87,27.87,0.19
27.6,1.71,7.9,176.96,30.9,27.84,24.6,79.87,1010.33,254.9,29.28,29.28,0.02
0,1.29,4.6,242.73,31,27.49,24.9,82.68,1010.34,109.18,28.88,28.88,0
17.8,1.5,7.4,262.38,30.2,26.21,23.6,86.25,1010.74,145.86,27.88,27.88,0.14
0.6,1,4.5,225.71,29.9,26.45,23.9,84.83,1010.81,55.75,27.57,27.57,0.2
0,1.67,6.3,234.78,30.9,26.91,23.6,81.66,1010.86,159.52,29.1,29.1,0.05
24,1.85,10.4,148.57,30.7,27.34,23.9,81.7,1010,250.48,29.24,29.24,0.1
6.8,2.61,9.3,175.5,30.3,27.73,24.4,80.41,1008.79,445.86,28.51,28.51,0.02
0.2,3.09,8.9,116.82,31.1,28.6,24.8,75.2,1009.11,578.15,29.24,29.24,0.04
0.4,2.73,9.5,168,31.2,28.45,24.8,76.59,1010.62,498.15,71.83,71.83,0.1
6.8,2.83,10.6,160.91,30.9,27.6,24.6,79.45,1011.21,502.29,28.15,28.15,0.2
9.4,2.14,9.8,145.45,30.6,26.83,24.8,81.51,1010.04,275.46,226.69,226.69,0
2.4,3.03,10,104.55,29.9,27.96,26,80.17,1009.55,534.4,24.07,24.07,0.07
21.2,1.34,9.1,236.92,29.7,24.42,23.8,91.12,1011.53,124.12,22.36,22.36,0
30,3.71,10.9,115.71,27.6,26.78,24.2,78.17,1010.9,602.34,25.09,25.09,0.02
0,2.65,7.4,105,30,27.35,23.8,71.43,1009.99,465.7,27.96,27.96,0.08
0,2.13,6.4,153.18,30,26.8,22.5,71.95,1009.79,387.88,28.04,28.04,0.06
0,1.93,6.9,171.36,30.3,27.09,22.8,75.37,1009.69,287.6,27.84,27.84,0.09
0,4.43,11.4,112.73,30.5,28.07,23.8,75.3,1009.46,826.48,27.98,27.98,0.19
28,3.64,11.8,125.45,28.6,26.81,25.3,86.17,1008.95,658.95,27.19,27.19,0.1
0.2,1.89,6.4,173.64,30.4,28.01,26,83,1008.2,253.14,29.59,29.59,0
0,1.54,4.9,149,31.5,28.66,26.1,81.09,1008.53,164.36,30.21,30.21,0.15
1.6,1.94,6.6,161.5,31.5,28.65,25.8,81.51,1009.64,221.91,30.18,30.18,0.03
4.8,2.05,7.2,123.64,30.6,27.56,24.9,80.46,1011.31,308.75,29.11,29.11,0.12
0,2.54,6.6,112.94,30,27.3,24.9,76.58,1011.17,387.38,26.57,26.57,0.2
1.6,2.55,8.9,102.73,29.8,26.83,23.7,74.1,1010.73,390.49,27.42,27.42,0.16
5,2.61,8.2,136.36,29.5,26.58,23.3,74.49,1010.46,426.67,27.54,27.54,0
13,2.21,8.7,158.18,29.4,26.42,24.1,81.78,1010.52,306.88,26.54,26.54,0.15
1.6,2.91,8.7,115.91,30.4,27.99,24.5,78.78,1010.97,490.35,28.75,28.75,0.13
9.4,3.1,9,120.91,30.6,28.21,25.4,79.59,1009.3,556.24,29.28,29.28,0.11
40.2,1.48,6.9,177.14,30.1,26.06,23.9,87.11,1009.34,150.7,27.53,27.53,0.06
0.4,2.98,8.9,134.5,30.1,27.57,25.4,82.27,1009.6,477.53,28.31,28.31,0.07
77.4,2.98,9.9,129.55,29.9,27.25,24.4,82.63,1010.19,496.9,28.76,28.76,0.2
2.4,1.43,7.6,152.78,28.6,25.73,24.3,85.76,1011.88,114.84,27.53,27.53,0.24
0,3.42,8.2,117.14,30.2,27.8,25.3,77.15,1010.89,632.21,28.21,28.21,0.06
0,2.98,8.1,112.27,30,27.8,25.9,76.8,1010.4,507.4,28.68,28.68,0
0,2.73,8.3,99,30.4,27.73,24.4,76.13,1010.07,467.29,28.63,28.63,0.11
0,2.91,7.6,112.94,29.8,27.35,24.9,74.47,1011.26,515.16,27.79,27.79,0.05
1,3.56,8.9,120.48,29.9,27.35,24.8,76.26,1011.53,667.1,27.51,27.51,0.03
1.2,3.01,9.7,101.82,29.3,26.95,25.3,77.58,1011.99,523.55,26.7,26.7,0.12
3.2,3.62,9.7,122.73,29.9,27.26,24.8,77.93,1011.04,641.71,27.77,27.77,0.05
0,3.92,10.7,105,29.5,26.57,22.4,73.39,1010.41,742.84,26.85,26.85,0.12
0,2.74,8.4,150.91,29.2,26.05,21.9,69.94,1011.33,498.67,27.38,27.38,0.13
0,2.76,7.9,144.55,28.8,26.54,22,75.05,1010.65,482.45,27.46,27.46,0.03
0,2.98,7.5,121.82,29.2,27.18,24.4,78.89,1010.12,513,28.4,28.4,0.03
0,2.8,9,120.45,29.7,27.09,25.6,80.64,1009.8,482.48,28.36,28.36,0.06
0,2.68,7.6,116.5,29.3,27.05,25.4,80.34,1010.07,462,28.32,28.32,0.07
0,2.81,8.1,104.55,29.3,26.76,23.7,78.33,1010.36,475.69,28.02,28.02,0.06
0,2.15,7.2,130.45,29.3,26.55,23.6,80,1009.04,319.68,27.87,27.87,0.08
0,2.32,6.7,156.84,29.8,27.29,24,80.21,1009.45,312.98,28.52,28.52,0.27
0,2.06,7.4,159.05,30,27.06,24.6,80.05,1009.99,307.61,28.39,28.39,0.6
0.6,2.96,8.5,136.82,29.7,27.67,24.7,79.84,1010.67,481.68,28.54,28.54,
0,2.68,8.1,102.27,30.5,27.3,23.6,75.76,1011.5,436.76,28.44,28.44,0.13
0,2.17,6.6,158.18,30.2,27.21,23.7,72.78,1011.52,314.82,28.79,28.79,0.08
39.4,2.5,7.5,151.82,30.3,27.06,23.7,78.32,1011.49,386.37,28.7,28.7,0.04
0,2.91,8.6,139.05,29.7,27.09,24.6,74.94,1011.54,434.5,28.27,28.27,0.06
8.6,2.43,7.6,127.27,29.4,26.81,23.9,76.66,1010.98,325.74,28.25,28.25,0.13
16,3.5,10.7,130.91,28,26.32,24.3,82.52,1010.34,614.24,26.84,26.84,0
17.6,3.62,10.1,137.62,28,26.48,25,85.91,1010.97,574.94,27.32,27.32,0
0,1.2,4.6,260.91,27.2,25.13,24.3,89.37,1010.62,55.95,25.83,25.83,0.03
16.8,3.61,9.7,134.55,28.9,26.84,25.2,85.06,1010.56,658.08,27.52,27.52,0.16
1.8,1.73,6.6,188.18,30.1,27.58,24.5,81.8,1010.68,176.24,29.05,29.05,0.11
5.2,1.83,7.2,233.64,30.6,27.33,24.5,81.52,1011.14,192.99,29.6,29.6,0.08
1.6,2.75,8.4,156.82,30.7,28,25.2,79.18,1011.56,353.48,29.46,29.46,0.09
9.4,3.63,9.5,114.09,30.1,27.65,24.4,74.29,1012.07,622.75,28.25,28.25,0.16
0,4.46,11.1,114.74,29.6,27.36,25.1,77.05,1011.12,780.25,27.85,27.85,0.16
0.2,4.59,12.9,121.9,29.7,27.39,25.3,75.86,1011.34,815.64,27.12,27.12,0.07
0,3.9,9.6,124.29,29.7,27.33,25.5,70.91,1010.85,682.35,27.65,27.65,0.13
0,2.87,7.6,103.18,29.6,26.81,24.9,77.31,1011.3,445.51,26.96,26.96,0.06
0,3.86,9.5,115.24,29.5,27.2,25,77.23,1011.61,644.02,28.2,28.2,0
0,4.07,10.1,120,29,26.68,25.5,77.41,1011.77,690.54,27.31,27.31,0.1
0,4.12,9.4,121.82,28.9,26.75,25.3,76.63,1011.69,720.59,27.71,27.71,0.03
0.2,3.72,9.4,122.27,29,26.77,25.3,77.08,1011.51,622.87,28,28,0.05
0,3.48,8,117.78,28.7,27.71,25.6,76,1010.67,604.42,29.79,29.79,0.17
3.2,3.69,8.8,121.5,29,26.52,24.5,77.27,1010.82,645.29,27.83,27.83,0.04
0,2.99,7.6,111.82,28.8,26.26,24.4,75.6,1011.04,497.9,27.25,27.25,0.03
1.6,2.62,7.1,111,28.5,26.07,24.4,77.87,1012.09,409.28,27.04,27.04,0.03
0,2.78,7.5,128.5,28.7,26.49,24.8,80.95,1010.57,408.86,29.17,29.17,0.07
3,2.51,7.7,119.5,27.9,26.12,25.2,87.1,1009.87,338.76,26.87,26.87,0.03
29.4,2.66,7.9,117.14,29.2,26.83,25.1,84.72,1010.82,347.16,28.7,28.7,0.07
0.2,3.07,7.4,130.48,29.2,27.06,25.6,83.13,1011.22,436.29,29.65,29.65,0.07
0,2.32,7.1,119.05,29.2,26.73,23.7,80.89,1011.66,293.7,29.14,29.14,0.2
0,2.35,7.6,144.09,29.6,26.91,24.4,78.08,1011.4,332.84,28.71,28.71,0.08
0,3,7.4,132.38,30,27.47,25.2,79.28,1011.11,465.71,29.28,29.28,0.12
0.8,3.09,8.3,118.18,30,27.76,25.5,78.2,1011.1,469.48,29.38,29.38,0.1
73.6,2.9,9.1,115.45,30.2,27.1,24.6,82.67,1011.88,433.45,28.33,28.33,0.13
60.4,1.76,8.1,204.09,30,25.67,23.5,86.9,1012.8,210.41,27.58,27.58,0.1
1.6,1.5,6.3,232.27,29.5,26.5,24.1,83.59,1012.95,129.79,28.84,28.84,0.1
74.8,2.15,8.3,166.82,30.2,26.24,23.8,85.69,1012.31,297.8,28.51,28.51,0.24
29.4,2.53,8.9,160.91,28.5,25.96,24.2,89.63,1010.77,320.11,26.66,26.66,0.03
41,1.88,7.8,215,30.8,26.61,23.3,84.31,1011.09,210.25,28.71,28.71,0.07
0.6,2.68,9,123.64,30.8,28.08,24.3,77.7,1013.63,398.76,29.79,29.79,0.07
0,3.35,8.7,130.71,30.8,28.89,25.9,73.69,1014.01,563.25,346.18,346.18,0.08
59,3.8,11.3,125,29.3,26.48,24,83.53,1012.48,636.78,27.34,27.34,0.08
8,3.45,9.4,118.64,29.8,27.52,24.2,80.44,1011.43,566.36,28.13,28.13,0.03
3.4,3,8.1,130.45,30.5,28.09,25.5,75.38,1011.68,502.48,29.41,29.41,0.08
0,3.28,8.4,128.18,30.5,28.14,25.7,75.4,1012.04,575.27,29.55,29.55,0.02
0,4.01,9.1,136.82,30.3,27.88,26.3,74.51,1012.52,701.12,29.1,29.1,0.03
54.2,3.19,10.1,117.27,29.1,26.32,24,83.05,1011.88,508.17,26.4,26.4,0.17
38.4,2.96,8.8,117.27,30.1,26.89,24.8,83.31,1011.83,438.45,28.18,28.18,0.05
2.8,3.29,9.3,110,29.9,27.34,25.3,81.01,1011.15,534.39,28.5,28.5,0.05
60.8,2.51,7.9,175,30.2,26.73,24.2,85.36,1011,360.58,284.71,284.71,0.03
6.4,3.14,8.5,125.91,30,27.67,24.7,81.45,1011.13,491.5,29.42,29.42,0.08
0.4,3.56,8.7,119.55,30.5,27.8,25.8,79.25,1011.46,632.89,29.25,29.25,0.1
3.4,3.41,9.1,110,30.1,27.19,24.7,79.51,1011.24,575.92,28.21,28.21,0.13
0,2.97,8.3,130,29.8,27.35,25.4,74.64,1009.83,494.77,29.25,29.25,2.21
0,2.96,8.1,126.5,29.7,27.56,25.3,73.74,1009.17,502.99,27.75,27.75,0.14
1.8,2.97,7.5,124,29.9,27.46,25.9,76.86,1010.14,498.91,28.24,28.24,0.15
16.8,2.5,7.3,130.91,29.2,26.25,25,87.55,1010.8,313.56,27.3,27.3,0.33
17,2.32,7.9,159.55,29.7,27.18,25.1,84.26,1010.27,334.45,29.02,29.02,0.08
9.2,1.8,7.9,228.64,30,25.97,23.8,85.43,1009.77,218.21,28.77,28.77,0.14
3.8,2.14,7.2,112.27,29.4,26.92,24.5,83.29,1010.16,301.96,29.38,29.38,0
12,1.95,7.2,133.18,29.9,26.92,24.1,82.03,1010.3,234.89,29.15,29.15,0
11.2,1.95,5.7,105,29.1,26.74,24,82.05,1010.99,192.4,28.25,28.25,0.05
12.4,2.25,9.3,180.45,27.3,25.6,24.3,88.37,1011.31,302.09,25.76,25.76,0
107.8,2.21,8.3,150.91,29.4,26.24,24,88.23,1011.24,254.5,27.81,27.81,0
8.6,1.21,4.9,166.82,28.4,25.82,23.9,87.99,1011.74,67.82,28.18,28.18,0.27
15.6,1.32,6.7,186.82,28.9,26.13,23.8,86.25,1012.05,92.87,27.83,27.83,0.1
2.4,1.51,6.9,157.73,30.1,27.07,24.2,83.55,1012.09,149.09,30.14,30.14,0.1
8,1.3,8.3,200.95,27.9,25.77,24.4,88.71,1011.66,108.27,27.27,27.27,0.18
1.4,2.86,8.1,153.81,28.8,26.6,25,83.02,1011.59,388.43,27.55,27.55,0.04
9.4,2.02,6.4,141.43,27.7,26.14,24,82.46,1010.64,211.58,26.04,26.04,0.09
0.4,1.37,5,144,27,25.98,25,85.35,1009.37,129.31,26.74,26.74,0.09
0.2,1.56,5.8,145.91,29,26.5,24.4,82.42,1010.41,168.76,27.67,27.67,0.09
0,2.87,7.7,154.09,29.7,27.63,25,78.9,1012.04,368.72,29.02,29.02,0.03
0.8,1.96,7.4,135.5,30,26.74,24.4,80.86,1011.33,237.85,28.56,28.56,0.01
0.2,1.6,6.7,184.09,28.8,26.77,24.9,82.6,1010.22,168.92,27.75,27.75,0.1
8.8,1.43,5.8,215.26,27.5,25.34,23.8,89.3,1010.92,126.79,26.67,26.67,
5,1.64,5.8,186.47,29.3,26.74,24,84.58,1011.02,195.91,29.21,29.21,
2.2,1.33,5.5,167.5,28.6,25.92,24.5,88.62,1011.87,107.08,27.2,27.2,
0,1.81,6.5,201.43,31.6,28.27,25,78.91,1011.25,178.4,31.23,31.23,0.03
0.2,1.88,10.1,247.73,31.5,28.43,25.6,78.28,1011.03,202.64,30.8,30.8,0.07
15.6,1.53,8.8,220.45,30.4,26.16,24.4,86.76,1011.32,157.86,27.05,27.05,0.03
12.8,2.05,6.9,189.55,29.4,26.29,23.6,85.53,1011.23,198.7,27.91,27.91,0.13
4.2,1.62,6,184.29,28.8,25.77,24,84.1,1010.85,141.71,27.77,27.77,0
0,1.45,12.6,226.67,29.3,26.28,23,75.24,1009.84,166.58,28.17,28.17,0.03
0.6,1.99,7.1,137.27,30,27.11,24.4,71.37,1009.32,260.13,29.25,29.25,0.1
4.8,1.9,6.7,176.82,28.6,26.35,24,75.25,1009.67,210.23,27.51,27.51,0.16
2.2,2.1,6.5,128.64,29.2,26.35,24.1,76.36,1010.02,263.3,27.73,27.73,0.02
26,2.47,7.8,148.64,29.8,27.1,23.9,77.44,1010.4,354.67,29.36,29.36,0.08
192,1.77,7.7,169.09,27.5,24.88,23.3,91.72,1011.09,189.7,26.74,26.74,0.1
8,1.84,6.5,157.62,29.6,27.04,24,84.35,1010.36,234.62,29.05,29.05,0.08
39.4,1.89,8.7,181.43,30.5,26.55,23.6,85.2,1011.2,281.17,29.01,29.01,0.07
0.2,1.48,5.5,184.21,30.1,27.36,24.3,82.29,1012.32,183.33,29.22,29.22,0.03
64.8,1.98,9.8,195,30.9,27.11,23.6,84.22,1012.27,291.9,29.85,29.85,0.03
0.4,1.23,4.8,173.64,30,26.77,23.8,83.87,1011.88,90.48,28.58,28.58,0.08
13,1.77,7.3,227,30.9,26.88,24,82.67,1011.28,198.52,29.42,29.42,0.1
2.2,1.55,7.2,223,30.7,26.8,24.6,84.42,1010.69,182.18,30.01,30.01,0.2
0,1.47,5.9,255,30.1,26.93,24.4,84.22,1010.4,115,28.49,28.49,
13,1.96,8.6,259.44,31.9,27.58,24.2,80.65,1009.71,228.46,30.07,30.07,
13.2,1.66,8.9,258.1,29.7,26.01,24.1,88.52,1009.45,144.54,27.15,27.15,0
5.2,1.39,5.2,259.38,29.6,26.99,24.6,85.18,1008.74,91.61,28.8,28.8,0
19.2,1.89,7.9,210,30.6,27.19,24.5,84.91,1008.95,218.99,29.95,29.95,0.18
5.8,1.53,6.4,197.33,31.1,27.57,24.9,83.97,1008.74,147.79,141.91,141.91,0
14.4,1.31,8.9,225.24,31.4,26.9,24.6,86.22,1007.99,130.08,29.67,29.67,0.05
1.8,1.38,5.5,182.38,31.3,27.97,25.4,81,1007.7,161.78,30.3,30.3,0.13
34,1.62,6.6,142,30.3,27.27,25,84.5,1008.03,202.09,24.83,24.83,
8.4,1.36,6.2,244,31.6,27.13,23.1,81.4,1007.93,127.29,69.07,69.07,0.15
2.4,2.49,8.4,266,30.9,27.67,24.3,78.86,1007.05,304.82,28.22,28.22,0
6,1.5,6.6,238.57,29.9,27.46,24.5,78.24,1008.79,129.1,26.53,26.53,0.2
1.6,1.19,4.4,286.36,25.5,24.19,23.9,90.82,1010.59,37.12,25.52,25.52,0
32,1.71,7.5,206.25,29.9,24.82,22.9,88.21,1010.82,184.14,26.81,26.81,0
55.6,1.46,5.9,198.89,30.5,26.86,24.1,84.08,1010.87,88.44,26.43,26.43,0.01
107.6,1.24,5.7,162.86,28,25.03,23.5,89.14,1010.91,62.19,26.2,26.2,0.02
1.4,1.46,6,184.74,30.3,26.61,24.1,81.71,1009.61,128.91,29.01,29.01,0.21
1.4,1.41,6.1,234.67,28.1,25.65,23.9,87.57,1010.17,95.34,94.59,94.59,0.06
8.6,1.19,5.9,199.38,28.7,26.08,24.1,84.12,1010.24,80.27,26.94,26.94,0.07
0.4,1.22,4.6,230.83,27.8,26.04,24.6,86.53,1008.61,99.35,27.37,27.37,0
231.8,0.98,5.7,204,27.9,25.16,23.7,90.18,1008.24,20.46,622.44,622.44,0
15,1.93,4.5,123.33,29.7,27.7,24.7,77.1,1009.3,237.93,226.22,226.22,0.1
15.2,1.55,5.7,240,30.2,27.65,25.1,82.25,1008.53,116.5,15.7,15.7,0.1
13.8,0.65,3.8,243.33,27.7,25.83,24.4,89.15,1008.2,0.35,13.88,13.88,0
8.4,1.4,5.8,273.33,31.3,27.08,24.8,83.47,1008.83,150.93,200.84,200.84,0.2
9,1.65,5.7,195,31,28.28,25,78.54,1008.35,168.4,22.19,22.19,0
