tanggal,rr,pp_air,rh_avg,sr_avg,wd_avg,ws_avg,ws_max,tt_air_avg,tt_air_max,tt_air_min,tt_sea,wl_pan,ev_pan
9/15/2021,24.8,1012.8,89.01,113.54,158.75,1.51,,25.45,,,26.06,26.06,
9/16/2021,34.4,1011.99,85.53,300.51,133.75,2.26,,26.73,,,29.13,29.13,
9/17/2021,63,1011.56,82.98,560.08,115,3.08,,27.15,,,28.71,28.71,
9/18/2021,0,1011.66,82.3,734.53,117.5,3.8,,27.28,,,28.83,28.83,0.22
9/19/2021,0,1012.47,81.66,721.73,115,3.66,,27.26,,,28.92,28.92,
9/20/2021,2.4,1013.01,81.09,636.41,122.5,3.35,,27.19,,,28.65,28.65,0.03
9/21/2021,25.8,1012.06,85.15,372.21,123.75,2.41,,25.61,,,26.4,26.4,
9/22/2021,7.4,1011.66,84.44,286.21,195,2.09,,26.61,,,28.58,28.58,4.76
9/23/2021,11.4,1011.64,85.11,389.23,168.75,2.33,,27.07,,,29.21,29.21,
9/25/2021,0.2,1010.68,85.03,628.79,119,3.32,,26.98,,,28.51,28.51,0.08
9/26/2021,0,1009.94,81.7,602.64,113.75,3,,27.34,,,29.11,29.11,0.08
9/27/2021,0.2,1010.05,81.98,649.07,120,3.25,,27.31,,,29.24,29.24,0.07
9/28/2021,0,1010.34,78.86,737.68,122.5,3.69,,26.91,,,28.68,28.68,0.08
9/29/2021,0,1011.26,78.01,557.34,102.5,2.8,,26.45,,,27.76,27.76,0.09
9/30/2021,0,1011.03,80.75,535.03,117.5,2.85,,26.94,,,29.04,29.04,0.03
10/1/2021,0,1011.78,82.46,527.76,127.5,2.93,,27.18,,,29.33,29.33,0.07
10/2/2021,0,1013.52,78.06,592.36,118,2.84,,28.46,,,31.1,31.1,0.25
10/3/2021,,,,,,,,,,,,,
10/4/2021,5.8,1011.21,82.52,221.04,118.46,2,5.9,25.85,27.4,23.7,25.72,25.72,0.07
10/5/2021,1.8,1010.7,79.19,308.72,122.5,2.04,7,26.55,29.1,24.3,28.45,28.45,0.13
10/6/2021,1.4,1010.28,83.76,378.66,110,2.24,7,25.68,28.3,23.5,27.24,27.24,0.11
10/7/2021,9.6,1010.24,83.92,392.27,122.86,2.38,19.9,25.49,27.5,23.8,26.3,26.3,0.08
10/8/2021,0,1009.6,68,664.64,132,3.34,6.6,28.68,29.2,27.5,34.56,34.56,0.2
10/9/2021,7,1011.61,84.63,334.81,121.88,2.68,8.3,25.99,27.7,24.8,26.93,26.93,0.09
10/10/2021,0,1011.21,78.31,562.53,127.5,3.58,8.5,27.5,30,25.7,87.18,87.18,0.12
10/11/2021,1.6,1010.45,78.47,529.93,133.18,3.2,8.1,27.84,30.1,26.3,29.52,29.52,0.1
10/12/2021,0,1011.97,74.63,679.57,130,3.57,7.8,28.7,29.7,27.2,28.97,28.97,0.13
10/13/2021,,,,,,,,,,,,,
10/14/2021,0,1010.27,74.66,491.57,114.55,2.97,8.2,27.48,30.6,26.1,27.35,27.35,0.03
10/15/2021,0,1010.45,78.13,395.72,116.36,2.66,7.8,27.57,30.4,26.6,28.16,28.16,0.04
10/16/2021,0,1009.88,79.07,216.88,132,2.04,7,27.31,30.2,26.8,78.17,78.17,0.03
10/17/2021,3.6,1010.35,82.31,255.69,112.5,2.14,7.3,27.09,30.5,26.1,26.74,26.74,0.1
10/19/2021,2.8,1013.54,88.09,30.74,228.57,0.93,5.7,26.53,28.7,24.9,26.46,26.46,0.05
10/20/2021,34.8,1014.15,83.19,63.37,187.27,1.3,6.9,27.22,31.7,24.1,25.93,25.93,0.1
10/21/2021,0,1013.72,82.16,142.96,138.89,1.51,6.2,27.92,31.1,25.8,28.1,28.1,0.01
10/22/2021,21.6,1012.55,81.42,408.79,121.43,2.4,7.5,28.19,31.6,24.8,29.51,29.51,0.09
10/23/2021,1,1013.52,82.07,415.51,197.27,2.35,9.2,27.43,31,24.5,69.21,69.21,0
10/24/2021,2.6,1012.56,80.43,374.73,116.88,2.34,6.8,28.09,30.9,25.8,32.08,32.08,0.01
10/25/2021,2.8,1011.35,78.02,356.64,140,2.19,6.8,28.16,30.9,25.9,59.16,59.16,0.09
10/26/2021,3.4,1010.85,80.21,227.6,153.33,1.96,7.1,27.28,30.3,25.4,28.01,28.01,0
10/27/2021,31,1011.25,87.28,179.78,235,1.6,7,26.02,30.1,24.3,26.83,26.83,0.03
10/28/2021,15.8,1012.08,87.42,187.71,178.18,1.58,9.4,26.41,30.4,24.8,28.16,28.16,0.14
10/29/2021,2,1011.81,86.74,167.54,206.25,1.52,6.7,27.01,30.7,25.2,28.23,28.23,0.05
10/30/2021,10.2,1013.08,83.3,210.87,173.64,1.49,7.2,27.63,30.5,25.2,29.25,29.25,0.14
10/31/2021,0,1011.87,85.29,131.55,139.29,1.34,6.7,27.18,30.1,25.5,28.29,28.29,0.09
11/2/2021,14.6,1011.19,83.94,178.7,214.55,1.5,6.8,27.15,31,24.6,29.68,29.68,0.14
11/3/2021,9.2,1011.28,88.91,114.38,220,1.23,8.8,25.9,29.9,24.6,24.83,24.83,0.18
11/4/2021,15.4,1010.14,84.66,201.99,231.43,1.63,6.3,26.89,31.6,24.6,28.34,28.34,0.09
11/5/2021,16.6,1009.65,84.25,161.42,177.86,1.33,9.1,27.52,31.4,25.3,29.14,29.14,0.1
11/6/2021,3.2,1008.32,82.61,202.63,250,1.58,8,28.27,31.8,25.8,30.63,30.63,0.11
11/7/2021,17,1006.98,85,112.33,251.67,1.23,8.8,27.62,32.2,25.7,29.89,29.89,0.02
11/8/2021,4.8,1007.9,85.12,89.87,204.44,1.16,6.8,27.57,30.8,25.6,28.61,28.61,0.16
11/9/2021,0,1008.52,82.78,76.57,108.18,1.32,5.9,27.82,30.8,26.1,28.76,28.76,0.02
11/10/2021,48.8,1009.24,79.21,183.74,164,1.6,6.7,28.23,32.2,24.6,30.18,30.18,0.04
11/11/2021,21.2,1010.94,90.4,38.99,171.43,0.99,4.4,25.73,28.5,24.8,72.29,72.29,0
11/12/2021,5.4,1010.68,86.81,154,155.45,1.49,5.2,26.34,28.7,24.4,27.4,27.4,0.05
11/13/2021,5.8,1011.08,89.83,46.97,145,0.9,5.7,26.13,29.6,24.4,80.67,80.67,0.1
11/14/2021,86,1010.77,87.06,144.49,272.5,1.51,8,26.69,31.8,24.7,28.25,28.25,0.14
11/15/2021,20.2,1010.21,88.26,99.24,249.38,1.23,6.4,26.08,29.3,24.5,125.1,125.1,0.07
11/16/2021,1,1009.29,90.35,28.95,294,0.94,5.7,25.63,28.9,25.1,25.93,25.93,0.04
11/17/2021,25,1010.33,89.76,59.5,173.33,1.17,8.2,25.74,30.7,24.5,27.04,27.04,0.08
11/18/2021,0.4,1009.26,78.38,176.89,253.33,1.73,5.6,27.68,31.7,24.6,27.75,27.75,0.08
11/19/2021,16.4,1007.87,80.23,109.61,182,1.27,6.1,27.75,32.2,25,29.57,29.57,0.07
11/20/2021,11.2,1007.64,86.04,82.8,213.33,1.1,7.4,26.56,30.9,24.2,81.48,81.48,0.04
11/21/2021,9.6,1008.13,85.78,66.99,247.69,1.08,9.3,26.85,31.2,25,28.02,28.02,0.08
11/22/2021,5.4,1008.5,87.21,37.69,197.27,1.05,6,27.54,31.3,25.9,28.25,28.25,0.04
11/23/2021,0,1008.98,79.53,202.93,240,1.5,9.8,28.95,31.9,26.3,28.94,28.94,0.13
11/24/2021,35,1009.65,89.63,57.3,235,1.38,4.4,26.15,28.4,25,26.25,26.25,0
11/25/2021,0.2,1010.33,80.9,29.43,206.67,0.87,6.4,27.87,31.2,26,27.57,27.57,0.1
11/26/2021,0,1009.88,77.68,114.43,190,1.65,6.9,28.73,31.9,25.5,24.62,24.62,0.3
11/27/2021,3.4,1010.16,87.02,79.6,218,1.42,8,26.9,29.7,25.3,23.38,23.38,0
11/28/2021,83.4,1010.42,89.94,150.8,286,2.04,5.5,25.9,26.5,24.2,68.54,68.54,0.4
11/29/2021,0,1011.4,78.97,450,260,3,6.5,27.6,29.7,24.6,26.8,26.8,0.05
11/30/2021,0,,,,,,5.4,,30.4,26,49.67,49.67,
12/1/2021,0,,,,,,3.8,,29.3,26,,26,
12/2/2021,0,,,,,,2.2,,26.3,25.9,,25.9,
12/3/2021,0,,,,,,3,,29.1,28.2,,28.2,
12/4/2021,0.2,,,,,,5.7,,30,26.7,317.5,317.5,
12/5/2021,0,,,,,,3,,25.9,24.7,,24.7,
12/6/2021,0,,,,,,6.2,,26,24.9,,24.9,
12/7/2021,0,,,,,,2.8,,27.5,24.6,,24.6,
12/8/2021,0,,,,,,4.5,,29.5,27.4,,27.4,
12/9/2021,0,,,,,,3.5,,28.1,27.3,,27.3,
12/10/2021,0,,,,,,2.8,,27.7,25.6,,25.6,
12/12/2021,0,,,,,,2.5,,26.7,26.2,,26.2,
12/13/2021,0,,,,,,,,,,0,0,
12/14/2021,0,,,,,,1.8,,26.2,25.6,,25.6,
12/15/2021,0,,,,,,2.9,,27.1,26.9,,26.9,
12/16/2021,0,,,,,,4.2,,29,28.1,,28.1,
12/17/2021,0,,,,,,4.4,,30.4,25.3,0.2,0.2,
12/18/2021,0,,,,,,3.8,,28.9,27.9,,27.9,
12/20/2021,0,,,,,,2.9,,27.7,26.9,,26.9,
12/21/2021,0,1013,88,86.6,70,1.2,3.3,26.4,27.3,25.8,0,0,
12/22/2021,0,,,,,,2.7,,26.3,25.9,0.5,0.5,
12/23/2021,0,1012.2,86.5,52.3,320,0.9,3,26.3,27.8,25.4,26.6,26.6,
12/24/2021,0,1008.9,61,324.2,190,1.5,6,31.3,31.9,31.2,560.95,560.95,
12/25/2021,0,1010.6,91.1,0,210,0.2,5.4,25.1,30.9,25,6.43,6.43,
12/26/2021,0,1011.9,86.3,23.2,310,0.8,5.3,26.9,31.3,26.1,9.17,9.17,
12/27/2021,0,1011.3,72,156.4,280,1.9,6.4,29.4,30.2,25.2,16.25,16.25,0.2
12/28/2021,0,1013.07,76.97,148.4,166.67,1.2,3.6,28.6,30.7,25.3,28.63,28.63,
12/29/2021,4.2,1010.83,82.82,161.73,275.63,1.7,7.7,26.6,31.8,24,28.68,28.68,0.08
12/30/2021,1.4,1010.52,77.64,207.67,184.09,1.74,5.9,28.14,31.7,24.8,30.01,30.01,0.1
12/31/2021,3,1010.48,80.95,184.45,242.73,1.53,7.5,27.91,31.3,25.4,29.84,29.84,0.1
1/1/2022,2,1010.15,75.25,236.51,247.27,1.9,8.7,28.9,32.4,25.6,30.8,30.8,0.15
1/2/2022,4.8,1009.71,74.86,386.96,261.36,2.5,9.8,29.07,32.9,25.5,30.32,30.32,0.09
1/3/2022,0.8,1010.08,75.07,207.8,248.18,1.8,7.6,28.53,31.5,25.6,30.05,30.05,0.1
1/4/2022,0,1010.53,71.68,183.19,256.82,1.54,8.3,28.2,31.8,24.3,30.56,30.56,0.07
1/5/2022,0,1010.75,72.72,246.85,227.73,1.77,6.5,28.59,31.8,24.9,30.3,30.3,0.12
1/6/2022,0.4,1010.89,73.73,261.95,202.27,1.72,6.8,28.46,32.3,25.8,29.97,29.97,0.03
1/7/2022,2.6,1011.29,72.34,176.8,230.45,1.62,6.4,28.83,32.1,25.6,29.68,29.68,0.17
1/8/2022,69.2,1011.66,80.96,263.73,225.91,1.89,11.2,27.2,31.9,23.5,29.91,29.91,0.02
1/9/2022,21.4,1010.25,78.14,149.69,254.09,1.66,6.2,28.37,32.4,24.5,29.81,29.81,0.11
1/10/2022,2.4,1009.34,79.68,249.13,257.27,1.96,8.1,28.11,32.1,24.9,30.6,30.6,0.03
1/11/2022,17.2,1009.76,80.52,176.53,261.9,1.61,8.4,27.78,31.3,25.1,29.75,29.75,0.1
1/12/2022,34.2,1010.46,82.29,392.86,270.45,2.34,11.4,26.86,32.2,24,29.05,29.05,0.1
1/13/2022,6.2,1010.83,81.93,247.15,277.73,1.87,9.2,26.78,30.4,24.5,28.35,28.35,0.1
1/14/2022,38.8,1010.71,85.52,180.79,252.73,1.78,14.3,26.35,30.1,24.1,27.8,27.8,0.05
1/15/2022,0.2,1009.91,78.6,205.21,294.55,1.74,7.1,27.59,32.6,24.6,29.4,29.4,0.12
1/16/2022,3,1009.92,78.89,207.48,262.73,1.7,10.2,27.38,31.9,24,28.17,28.17,0.06
1/17/2022,0,1009.43,71.18,299.06,299.09,2,7.1,29.75,34.1,24.9,30.62,30.62,0.03
1/18/2022,0,1009.11,72.12,384.17,256.67,2.31,10.3,29.53,32.9,26.1,26.61,26.61,0.06
1/19/2022,11.8,1008.36,78.45,313.57,262.27,2,10.4,28.26,32.6,25.5,30.52,30.52,0.17
1/20/2022,105.2,1008.38,82.76,282.04,244.09,2.1,10.6,27.16,32.3,24.1,29.26,29.26,0.2
1/21/2022,6.4,1009.69,83.41,179.92,267.73,1.51,26.3,26.78,30.4,24.7,28.31,28.31,0.09
1/22/2022,6.4,1009.69,78.99,195.25,272.73,1.79,8,27.6,30.8,24.8,30.01,30.01,0.2
1/23/2022,0.6,1009.4,76.2,214.47,270,1.61,8.4,28.33,31.8,25.1,30.7,30.7,0.03
1/24/2022,1.4,1009,81.25,239.33,258.64,1.85,8.2,27.59,30.8,25.4,29.18,29.18,0.11
1/25/2022,0,1007.59,75.03,353.72,265,2.39,9.8,29.1,32.4,25.5,30.82,30.82,0.08
1/26/2022,1.4,1007.34,77.23,447.81,274.09,2.63,10.6,28.5,33.8,25,30.17,30.17,0.03
1/27/2022,3,1008.2,80.05,247.56,284.55,1.9,11.2,28.1,33.3,25,30.59,30.59,0.11
1/28/2022,16.2,1009.36,80.78,234.31,267.39,1.88,10.4,27.8,32.1,25,28.7,28.7,0.16
1/29/2022,2.6,1009.95,79.85,285.01,279.55,2.05,10.1,28.05,32.4,24.8,30.44,30.44,0.08
1/30/2022,0,1009.69,75.39,237,249.52,1.78,6.7,28.38,33.1,25.1,30.34,30.34,0.07
1/31/2022,4,1009.37,77.73,188.65,242.27,1.7,11.1,27.67,31.8,24.2,29.25,29.25,0
2/1/2022,3.8,1008.94,78.33,285.39,283.04,2.09,9.3,27.68,33.2,24.7,29.71,29.71,0.11
2/2/2022,1.4,1008.52,75.47,236.56,280,1.84,7,28.02,32.3,24.8,29.18,29.18,0.16
2/3/2022,24.6,1009.59,79.48,228.27,290.95,1.73,11.4,27.3,34.1,23.9,28.08,28.08,0.22
2/4/2022,21.6,1009.04,79.88,220.8,240,1.69,6.4,27.63,31.8,24.5,30.26,30.26,0.08
2/5/2022,21.8,1008.03,78.56,295.65,246.36,2.04,8.5,28.05,32.7,24.9,30.19,30.19,0.07
2/6/2022,2.8,1007.93,85.76,220.91,250,1.71,8.9,26.61,30.2,24.5,27.65,27.65,0.16
2/7/2022,7,1007.24,76.49,128.58,245,1.06,7.5,28.33,33.1,25.1,29.05,29.05,0.14
2/8/2022,0.2,1007.52,70.84,613.04,336.67,2.97,10.6,28.32,30.4,26.1,27.48,27.48,0
2/9/2022,0.2,1008.75,70.16,382.03,305.5,2.16,10.3,29.61,33.6,26.3,30.19,30.19,0.08
2/10/2022,1.8,1008.69,79.27,426.95,271.9,2.51,12.3,27.22,32.1,24.4,28.15,28.15,0.09
2/11/2022,0,1007.23,72.25,166.1,253.18,1.4,4.9,28.97,32.8,24.8,30.86,30.86,0.1
2/12/2022,1,1007.14,74.55,308.4,269.13,2.02,10.3,28.44,32.8,24.8,29.44,29.44,0.07
2/13/2022,0,1006.35,78.93,211.65,277.39,1.83,6.5,27.7,31.3,25.1,28,28,0.04
2/14/2022,39.8,1007.21,86.75,82.29,223.64,1.1,7.6,25.96,31.6,24.1,26.53,26.53,0.07
2/15/2022,0,1009.4,77.7,158.12,186.19,1.46,5.9,28.03,30.9,24.4,29.86,29.86,0.12
2/16/2022,180.2,1009.53,91.35,39.68,219.05,1.07,7.9,25.43,27.9,24.4,26.05,26.05,0
2/17/2022,10.4,1006.83,82.14,188.53,194.29,1.53,6.4,27.44,30.8,24.7,30.37,30.37,0
2/18/2022,2.2,1007.33,84.79,131.8,226.67,1.19,7.4,26.95,31.7,24.7,29.2,29.2,
2/19/2022,0,1009.1,80.04,148.26,284.09,1.34,5.1,27.31,30.2,24.9,28,28,
2/20/2022,29.6,1009.84,80.27,153.92,258.26,1.52,7.1,27.39,32.4,24.5,28.88,28.88,0.12
2/21/2022,11.6,1009.73,80.19,125.73,225.45,1.37,6.3,27.35,32.2,24.4,29.33,29.33,0.16
2/22/2022,0,1009.7,79.05,136.13,257.73,1.67,5.9,27.75,31.2,24.3,29.45,29.45,0.15
2/23/2022,3.4,1010.8,85.51,36.84,272.38,1.04,4.9,26.29,27.7,24.7,26.93,26.93,0.07
2/24/2022,0,1010.74,78.63,232.44,266.5,1.78,9.4,27.9,31.1,24.2,29.42,29.42,0.08
2/25/2022,0,1010.53,71.47,310.52,258.18,2.02,8.3,28.82,32.5,24.9,30.11,30.11,0.11
2/26/2022,0,1010.02,73,325.76,291.82,2,10,28.02,32.2,24.7,28.83,28.83,0.1
2/27/2022,0,1009.6,77.02,390.63,247.73,2.07,13.2,27.17,32.3,23.9,28.18,28.18,0.05
2/28/2022,0.2,1008.38,75.93,282.45,283.64,1.95,8.9,27.78,32.5,24.2,28.91,28.91,0.16
3/1/2022,0.2,1008.5,76.97,393.77,256.82,2.49,9.1,27.51,31.6,24.6,28.12,28.12,0.16
3/2/2022,4.4,1008.61,75.2,589.77,270.45,3.29,12.5,28.53,33.4,25.3,29.99,29.99,0.1
3/3/2022,3,1008.8,78.5,373.26,265,2.31,12.6,27.16,32.3,23.9,28.71,28.71,0.18
3/4/2022,2,1009.26,79.69,212.89,270.91,1.75,7.7,28.04,31.3,24.5,29.7,29.7,0.16
3/5/2022,0.8,1009.83,77.9,181.67,220.45,1.49,7.8,28.14,30.5,26,29.24,29.24,0.15
3/6/2022,17.2,1010.02,86.28,115.67,204.55,1.25,9.1,26.37,29.8,24.1,27.7,27.7,0.19
3/7/2022,22.8,1009.44,81.23,290.27,218.33,2,8.1,27.46,31.8,24.5,29.17,29.17,0.12
3/8/2022,11.2,1009.31,87.55,156.47,213.64,1.56,7.2,26.55,30.3,24.7,28.04,28.04,0.05
3/9/2022,25.2,1008.56,80.76,205.58,255.91,1.67,7.5,28.37,31.2,25,30.6,30.6,0.2
3/10/2022,20.8,1008.31,84.06,78.01,263.75,1.23,4.6,27.16,30.8,24.4,28.5,28.5,0.16
3/11/2022,0.4,1007.59,81.11,113.14,220.48,1.26,4.8,27.4,30.6,24.5,29.33,29.33,0.13
3/12/2022,0.4,1006.17,78.89,208.08,279.52,1.78,7.6,28.11,32.2,25.4,30.27,30.27,0.06
3/13/2022,7.2,1006.3,83.67,232.95,271.82,1.64,9.4,27.04,31.1,24.5,28.02,28.02,0.02
3/14/2022,6.6,1008,80.39,261.73,208.75,1.89,6.1,28.41,32.2,25.3,30.82,30.82,0.07
3/15/2022,103.8,1008.09,82.12,198.63,219.09,1.7,6.6,28.14,31.6,24.1,30.65,30.65,0.08
3/16/2022,9,1008,87.69,46.81,203.81,1.14,5.1,26.18,28.4,24,26.93,26.93,0
3/17/2022,0.2,1007.63,80.12,186.51,183.18,1.57,5.7,27.91,31.8,25,30.85,30.85,0.17
3/18/2022,70.4,1007.1,77.55,245.49,179.09,2.05,11.7,29,32.3,23.7,31.05,31.05,0.13
3/19/2022,32.8,1007.43,82.22,102.68,276.52,1.41,5.6,27.81,31.6,24.6,29.61,29.61,0.04
3/20/2022,47.6,1008.04,81.92,342.65,214.76,2.4,11.3,28.01,31.7,24,29.75,29.75,0.01
3/21/2022,0,1008.66,77.49,360.78,254.35,2.3,9,28.65,32.3,24.5,29.43,29.43,0.11
3/22/2022,0,1009.07,76.44,292.85,252.17,1.99,10.4,28.38,32.2,25.3,28.81,28.81,0.01
3/23/2022,11,1009.03,80.9,271.32,293.64,1.93,11.2,27.68,33.8,25,28.32,28.32,0.06
3/24/2022,17,1009.1,84.76,195.21,254.55,1.67,9.8,26.55,31.6,24,28.02,28.02,0.03
3/25/2022,0,1009.21,77.87,219.08,277.62,1.84,8.6,27.68,32.4,24.5,28.87,28.87,0.15
3/26/2022,33.4,1010.3,79.59,165.24,203.18,1.51,10.2,28.32,31.2,24.2,29.55,29.55,0.1
3/27/2022,0.6,1010.88,76.59,328.52,240.77,2.25,7.7,28.68,31.1,24.4,19.29,19.29,0.1
3/28/2022,,1010,78.12,263.15,267.62,1.9,7.1,27.97,32.1,24.8,50.69,50.69,0.09
3/29/2022,0,1008.84,75.73,133.34,214.78,1.44,6.7,28.59,31.7,25.5,29.03,29.03,0.08
3/30/2022,0,1009.32,76.92,284.77,268.7,2.02,9.2,28.19,32.5,24.8,29.19,29.19,0.07
3/31/2022,6.2,1009.77,80.5,240.94,215,1.68,6.7,27.54,31.9,24,29.92,29.92,0.07
4/1/2022,27.4,1009.99,78.73,298.01,196.11,2.03,7.5,27.53,31.9,24,66.4,66.4,0.05
4/2/2022,0,1010.45,78.61,89.71,221.82,0.99,4.1,27.58,31.7,24.5,18.46,18.46,0
4/3/2022,49,1010.24,81.89,231.13,182.86,1.58,8,27.46,31.4,24.5,29.51,29.51,0.02
4/4/2022,10.4,1011,85.46,162.97,227.62,1.6,9.1,26.27,30.7,23.9,27.69,27.69,0
4/5/2022,0.8,1011.58,79.14,152.68,242,1.49,7.2,27.96,31.8,24.5,30.47,30.47,0.16
4/6/2022,11.6,1011.41,78.27,200.63,237.62,1.64,6.4,28.27,31.4,25.3,30.72,30.72,0
4/7/2022,1,1011.43,79.5,139.45,219.55,1.34,5.7,27.99,31.2,25.5,29.72,29.72,0.14
4/8/2022,43.8,1011.02,80.68,142.12,201.9,1.35,6.6,27.03,30.3,24.3,28.6,28.6,0.06
4/9/2022,0.8,1010.72,80.57,156.49,260.48,1.47,6.5,27.31,30.1,25.1,29.4,29.4,0.05
4/10/2022,0,1009.99,81.56,132.52,225.91,1.34,23.6,27.65,30.3,25.1,29.9,29.9,0.1
4/11/2022,0,1010.24,79.44,251.6,218.18,1.79,6.3,27.64,31.3,24.5,29.56,29.56,0.17
4/12/2022,2.4,1009.44,77.13,257.26,173.33,1.83,6.8,28.6,31.5,24.8,30.51,30.51,0.06
4/13/2022,0.4,1008.84,74.87,281.22,166.67,1.87,6.9,28.68,31.5,25.4,29.86,29.86,0
4/14/2022,2.6,1008.76,74.38,357.76,158.1,2.02,7.1,28.76,31.8,25.8,29.78,29.78,0.02
4/15/2022,0,1008.65,77.29,281.61,191.36,1.76,6,28.36,32,25.2,30.72,30.72,0.18
4/16/2022,0,1009.07,77.04,400.59,210.91,2.2,7.1,28.78,32.1,25.6,30.26,30.26,0.08
4/17/2022,0,1008.6,78.12,382.66,206.36,2.1,6.4,28.46,31.8,25.3,30.08,30.08,0.1
4/18/2022,0,1008.05,76.24,318.03,171.36,1.81,6.8,29.06,32.2,25.9,31.22,31.22,0.05
4/19/2022,26.2,1008.92,81.73,233.64,225,1.53,6.1,28.15,32.6,25.1,29.62,29.62,0.33
4/20/2022,13.6,1009.42,80.87,143.35,206.82,1.35,6.3,27.86,31.8,24.9,29.09,29.09,0
4/21/2022,45.8,1008.77,81.93,187.38,216.09,1.55,8.7,27.45,32,24.6,29.39,29.39,0.13
4/22/2022,0,1009.15,84.25,75.84,229.05,1.03,3.9,27.15,29,25.1,27.6,27.6,0.07
4/23/2022,4.2,1009.09,80.26,226.42,204.76,1.76,5.9,27.87,31.7,24.8,30.02,30.02,0.04
4/24/2022,0,1008.55,80.06,250.4,210,1.85,6,28.38,32,25.1,30.19,30.19,0.09
4/25/2022,8.6,1008.7,80.88,226.5,256.96,1.69,6.9,28.05,32.3,25.2,29.9,29.9,0.1
4/26/2022,0,1007.8,80.03,161.7,223.18,1.5,5.1,28.42,31.5,25.4,30.27,30.27,0.17
4/27/2022,8,1006.97,79.32,230.75,220,1.76,7.9,28.69,32.8,25.8,82.52,82.52,0.1
4/29/2022,1.6,1007.97,78.95,169.17,254.29,1.62,7.6,28.09,31.9,25.4,28.9,28.9,
4/30/2022,0,1008.22,80.6,127.14,258.7,1.38,6.3,28.34,31.9,25.7,29.03,29.03,0
5/1/2022,0,1008.11,79.99,99.84,214.09,1.16,4.9,28.72,31.6,26,29.81,29.81,0.06
5/2/2022,5,1008.69,82.2,179.64,225.24,1.53,7.5,27.41,32.5,24.9,29.23,29.23,0.11
5/3/2022,1,1008.74,82.4,295.47,235.91,1.91,6.5,27.57,31.3,24.9,29.92,29.92,0.11
5/4/2022,13.2,1009.03,79.99,368.16,133.18,2.08,10.6,28.93,32,25.2,30.64,30.64,0.11
5/5/2022,64,1009.58,82.93,292.48,175.91,1.93,7.8,27.91,31.6,25.1,29.43,29.43,0.05
5/6/2022,0.6,1008.15,79.39,291.57,139.09,2.06,7,28.58,31.4,25.5,30.1,30.1,0.23
5/7/2022,0,1007.7,80.07,307.16,188.18,2.03,7.5,28.61,31.6,25.8,30.54,30.54,0.02
5/8/2022,0,1007.96,79.35,327.49,220.45,1.97,6.9,28.78,31.7,26.1,30.63,30.63,0.08
5/9/2022,0,1008.37,80.25,253.97,238.18,1.8,8,28.75,31.6,26.2,30.3,30.3,0.06
5/10/2022,1,1008.04,77.4,237.48,195,1.65,6,29.22,33,26.5,30.83,30.83,0.13
5/11/2022,13.2,1007.95,78.65,401.05,151.36,2.27,7.8,29.8,32.3,26.2,31.5,31.5,0.13
5/12/2022,0,1007.96,84.36,143.9,240,1.4,6.1,28.91,31.7,26.9,29.98,29.98,0.15
5/13/2022,0,1009.09,76.98,301.94,204.55,2.02,8.4,29.26,32.5,26.9,29.69,29.69,0.1
5/14/2022,1.6,1009.56,80,170.85,199.55,1.41,7.5,28.83,32.8,26.3,30.14,30.14,0.11
5/15/2022,0,1010.88,79.41,159.5,242.27,1.41,5.8,29.23,32.1,26.5,30.32,30.32,0.08
5/16/2022,2.4,1010.73,78,197.55,222.73,1.45,5.7,29.6,32.4,26.9,31.52,31.52,0.12
5/17/2022,4.2,1010.36,80.33,136.79,194.09,1.3,5.3,29.06,31.6,26.8,31.21,31.21,0.12
5/18/2022,0,1010.9,75.93,195.98,185.91,1.58,5.5,29.05,31.7,26.1,30.88,30.88,0.08
5/19/2022,23.6,1011.37,77.49,258.18,182.73,1.96,6.8,28.92,31.8,25.4,30.7,30.7,0.04
5/20/2022,11,1011.35,86.37,112.18,240.91,1.37,5.1,27.16,30.7,25.1,28.76,28.76,0.17
5/21/2022,0.6,1010.44,81.82,181.44,163.81,1.5,6.3,27.77,30.9,25.5,29.85,29.85,0.06
5/22/2022,5,1009.31,81.76,113.75,232.27,1.46,6,27.68,31.8,24.6,28.84,28.84,0.08
5/23/2022,0.2,1008.14,83.13,59.42,218.18,1.06,6.1,27.9,30.2,25.4,28.63,28.63,0.06
5/24/2022,0,1008.7,79.05,173.88,204.55,1.59,5.8,28.42,31.5,25.5,29.74,29.74,0.05
5/25/2022,9.8,1010.83,78.94,247.49,201.36,1.99,6.9,28.69,32.4,24.8,30.04,30.04,0.1
5/26/2022,0,1010.17,77.46,134.77,181.43,1.33,4.9,28.39,31.5,24.9,29.34,29.34,0.07
5/27/2022,20.4,1010.1,87.39,225.09,240,1.85,8.7,25.64,29.7,24,26.45,26.45,0.12
5/28/2022,0.4,1009.76,79.23,153.15,227.62,1.57,5.2,27.56,30.6,24.5,28.66,28.66,0.06
5/29/2022,0,1008.53,75.56,281.1,220.95,1.78,8.1,28.74,33.9,24.9,29.69,29.69,0.06
5/30/2022,0,1008.22,76.88,287.59,285.71,1.89,8.6,28.47,33.3,25.2,29.39,29.39,0.09
5/31/2022,0,1007.73,76.56,277.59,278.5,1.78,8.3,28.6,34.1,25.7,29.63,29.63,0.07
6/1/2022,10.8,1008.98,81.18,245.08,255,1.74,9.2,27.58,31.5,25.4,28.7,28.7,0.03
6/2/2022,2.6,1009.46,79.68,72.23,198.57,1.1,5,28.1,31.5,25.5,29.03,29.03,0.07
6/3/2022,2,1010.67,81.95,97.31,192.86,1.23,6.2,27.32,30.4,24,28.72,28.72,0.1
6/4/2022,0,1010.75,76.23,155.85,195.91,1.46,4.9,27.9,30.9,24.5,30.15,30.15,0.13
6/5/2022,0,1010.76,74.7,132.56,205,1.37,6,28.21,31,25.3,29.45,29.45,0.19
6/6/2022,9.8,1010.08,79.3,180.06,190,1.49,5.7,28.05,31,25.5,29.37,29.37,0.17
6/7/2022,4.4,1009.8,87.17,162.88,200.95,1.49,11.2,25.87,29.6,23.6,27.09,27.09,0
6/8/2022,0,1008.93,79.3,171.61,176.47,1.39,5.2,28.26,30.5,23.8,30.14,30.14,0.04
6/9/2022,12.8,1009.78,83.35,107.13,247.14,1.3,6.8,27.18,31.6,24.7,28.8,28.8,0.04
6/10/2022,1.6,1009.79,77.59,101.53,190,1.35,4.3,28.24,31.2,25,29.87,29.87,0.04
6/11/2022,43.2,1009.66,78.7,160.51,203.64,1.62,7.8,28.15,31.5,24.9,29.47,29.47,0.1
6/12/2022,2,1009.82,79.93,160.53,208.18,1.43,4.9,28.28,31.1,25.4,30.04,30.04,0
6/13/2022,0,1010.16,82.79,118.86,225.91,1.32,5.2,27.75,30.6,25,29.17,29.17,0.01
6/14/2022,0,1010.5,81.43,100.8,207.62,1.14,5.6,27.05,30.3,25,27.87,27.87,0.19
6/15/2022,27.6,1010.33,79.87,254.9,176.96,1.71,7.9,27.84,30.9,24.6,29.28,29.28,0.02
6/16/2022,0,1010.34,82.68,109.18,242.73,1.29,4.6,27.49,31,24.9,28.88,28.88,0
6/17/2022,17.8,1010.74,86.25,145.86,262.38,1.5,7.4,26.21,30.2,23.6,27.88,27.88,0.14
6/18/2022,0.6,1010.81,84.83,55.75,225.71,1,4.5,26.45,29.9,23.9,27.57,27.57,0.2
6/19/2022,0,1010.86,81.66,159.52,234.78,1.67,6.3,26.91,30.9,23.6,29.1,29.1,0.05
6/20/2022,24,1010,81.7,250.48,148.57,1.85,10.4,27.34,30.7,23.9,29.24,29.24,0.1
6/21/2022,6.8,1008.79,80.41,445.86,175.5,2.61,9.3,27.73,30.3,24.4,28.51,28.51,0.02
6/22/2022,0.2,1009.11,75.2,578.15,116.82,3.09,8.9,28.6,31.1,24.8,29.24,29.24,0.04
6/23/2022,0.4,1010.62,76.59,498.15,168,2.73,9.5,28.45,31.2,24.8,71.83,71.83,0.1
6/24/2022,6.8,1011.21,79.45,502.29,160.91,2.83,10.6,27.6,30.9,24.6,28.15,28.15,0.2
6/25/2022,9.4,1010.04,81.51,275.46,145.45,2.14,9.8,26.83,30.6,24.8,226.69,226.69,0
6/26/2022,2.4,1009.55,80.17,534.4,104.55,3.03,10,27.96,29.9,26,24.07,24.07,0.07
6/27/2022,21.2,1011.53,91.12,124.12,236.92,1.34,9.1,24.42,29.7,23.8,22.36,22.36,0
6/28/2022,30,1010.9,78.17,602.34,115.71,3.71,10.9,26.78,27.6,24.2,25.09,25.09,0.02
6/29/2022,0,1009.99,71.43,465.7,105,2.65,7.4,27.35,30,23.8,27.96,27.96,0.08
6/30/2022,0,1009.79,71.95,387.88,153.18,2.13,6.4,26.8,30,22.5,28.04,28.04,0.06
7/1/2022,0,1009.69,75.37,287.6,171.36,1.93,6.9,27.09,30.3,22.8,27.84,27.84,0.09
7/2/2022,0,1009.46,75.3,826.48,112.73,4.43,11.4,28.07,30.5,23.8,27.98,27.98,0.19
7/3/2022,28,1008.95,86.17,658.95,125.45,3.64,11.8,26.81,28.6,25.3,27.19,27.19,0.1
7/4/2022,0.2,1008.2,83,253.14,173.64,1.89,6.4,28.01,30.4,26,29.59,29.59,0
7/5/2022,0,1008.53,81.09,164.36,149,1.54,4.9,28.66,31.5,26.1,30.21,30.21,0.15
7/6/2022,1.6,1009.64,81.51,221.91,161.5,1.94,6.6,28.65,31.5,25.8,30.18,30.18,0.03
7/7/2022,4.8,1011.31,80.46,308.75,123.64,2.05,7.2,27.56,30.6,24.9,29.11,29.11,0.12
7/8/2022,0,1011.17,76.58,387.38,112.94,2.54,6.6,27.3,30,24.9,26.57,26.57,0.2
7/9/2022,1.6,1010.73,74.1,390.49,102.73,2.55,8.9,26.83,29.8,23.7,27.42,27.42,0.16
7/10/2022,5,1010.46,74.49,426.67,136.36,2.61,8.2,26.58,29.5,23.3,27.54,27.54,0
7/11/2022,13,1010.52,81.78,306.88,158.18,2.21,8.7,26.42,29.4,24.1,26.54,26.54,0.15
7/12/2022,1.6,1010.97,78.78,490.35,115.91,2.91,8.7,27.99,30.4,24.5,28.75,28.75,0.13
7/13/2022,9.4,1009.3,79.59,556.24,120.91,3.1,9,28.21,30.6,25.4,29.28,29.28,0.11
7/14/2022,40.2,1009.34,87.11,150.7,177.14,1.48,6.9,26.06,30.1,23.9,27.53,27.53,0.06
7/15/2022,0.4,1009.6,82.27,477.53,134.5,2.98,8.9,27.57,30.1,25.4,28.31,28.31,0.07
7/16/2022,77.4,1010.19,82.63,496.9,129.55,2.98,9.9,27.25,29.9,24.4,28.76,28.76,0.2
7/17/2022,2.4,1011.88,85.76,114.84,152.78,1.43,7.6,25.73,28.6,24.3,27.53,27.53,0.24
7/18/2022,0,1010.89,77.15,632.21,117.14,3.42,8.2,27.8,30.2,25.3,28.21,28.21,0.06
7/19/2022,0,1010.4,76.8,507.4,112.27,2.98,8.1,27.8,30,25.9,28.68,28.68,0
7/20/2022,0,1010.07,76.13,467.29,99,2.73,8.3,27.73,30.4,24.4,28.63,28.63,0.11
7/21/2022,0,1011.26,74.47,515.16,112.94,2.91,7.6,27.35,29.8,24.9,27.79,27.79,0.05
7/22/2022,1,1011.53,76.26,667.1,120.48,3.56,8.9,27.35,29.9,24.8,27.51,27.51,0.03
7/23/2022,1.2,1011.99,77.58,523.55,101.82,3.01,9.7,26.95,29.3,25.3,26.7,26.7,0.12
7/24/2022,3.2,1011.04,77.93,641.71,122.73,3.62,9.7,27.26,29.9,24.8,27.77,27.77,0.05
7/25/2022,0,1010.41,73.39,742.84,105,3.92,10.7,26.57,29.5,22.4,26.85,26.85,0.12
7/26/2022,0,1011.33,69.94,498.67,150.91,2.74,8.4,26.05,29.2,21.9,27.38,27.38,0.13
7/27/2022,0,1010.65,75.05,482.45,144.55,2.76,7.9,26.54,28.8,22,27.46,27.46,0.03
7/28/2022,0,1010.12,78.89,513,121.82,2.98,7.5,27.18,29.2,24.4,28.4,28.4,0.03
7/29/2022,0,1009.8,80.64,482.48,120.45,2.8,9,27.09,29.7,25.6,28.36,28.36,0.06
7/30/2022,0,1010.07,80.34,462,116.5,2.68,7.6,27.05,29.3,25.4,28.32,28.32,0.07
7/31/2022,0,1010.36,78.33,475.69,104.55,2.81,8.1,26.76,29.3,23.7,28.02,28.02,0.06
8/1/2022,0,1009.04,80,319.68,130.45,2.15,7.2,26.55,29.3,23.6,27.87,27.87,0.08
8/2/2022,0,1009.45,80.21,312.98,156.84,2.32,6.7,27.29,29.8,24,28.52,28.52,0.27
8/3/2022,0,1009.99,80.05,307.61,159.05,2.06,7.4,27.06,30,24.6,28.39,28.39,0.6
8/4/2022,0.6,1010.67,79.84,481.68,136.82,2.96,8.5,27.67,29.7,24.7,28.54,28.54,
8/5/2022,0,1011.5,75.76,436.76,102.27,2.68,8.1,27.3,30.5,23.6,28.44,28.44,0.13
8/6/2022,0,1011.52,72.78,314.82,158.18,2.17,6.6,27.21,30.2,23.7,28.79,28.79,0.08
8/7/2022,39.4,1011.49,78.32,386.37,151.82,2.5,7.5,27.06,30.3,23.7,28.7,28.7,0.04
8/8/2022,0,1011.54,74.94,434.5,139.05,2.91,8.6,27.09,29.7,24.6,28.27,28.27,0.06
8/9/2022,8.6,1010.98,76.66,325.74,127.27,2.43,7.6,26.81,29.4,23.9,28.25,28.25,0.13
8/10/2022,16,1010.34,82.52,614.24,130.91,3.5,10.7,26.32,28,24.3,26.84,26.84,0
8/11/2022,17.6,1010.97,85.91,574.94,137.62,3.62,10.1,26.48,28,25,27.32,27.32,0
8/12/2022,16.8,1010.56,85.06,658.08,134.55,3.61,9.7,26.84,28.9,25.2,27.52,27.52,0.16
8/14/2022,0,1010.62,89.37,55.95,260.91,1.2,4.6,25.13,27.2,24.3,25.83,25.83,0.03
8/15/2022,1.8,1010.68,81.8,176.24,188.18,1.73,6.6,27.58,30.1,24.5,29.05,29.05,0.11
8/16/2022,5.2,1011.14,81.52,192.99,233.64,1.83,7.2,27.33,30.6,24.5,29.6,29.6,0.08
8/17/2022,1.6,1011.56,79.18,353.48,156.82,2.75,8.4,28,30.7,25.2,29.46,29.46,0.09
8/18/2022,9.4,1012.07,74.29,622.75,114.09,3.63,9.5,27.65,30.1,24.4,28.25,28.25,0.16
8/19/2022,0,1011.12,77.05,780.25,114.74,4.46,11.1,27.36,29.6,25.1,27.85,27.85,0.16
8/20/2022,0.2,1011.34,75.86,815.64,121.9,4.59,12.9,27.39,29.7,25.3,27.12,27.12,0.07
8/21/2022,0,1010.85,70.91,682.35,124.29,3.9,9.6,27.33,29.7,25.5,27.65,27.65,0.13
8/22/2022,0,1011.3,77.31,445.51,103.18,2.87,7.6,26.81,29.6,24.9,26.96,26.96,0.06
8/23/2022,0,1011.61,77.23,644.02,115.24,3.86,9.5,27.2,29.5,25,28.2,28.2,0
8/24/2022,0,1011.77,77.41,690.54,120,4.07,10.1,26.68,29,25.5,27.31,27.31,0.1
8/25/2022,0,1011.69,76.63,720.59,121.82,4.12,9.4,26.75,28.9,25.3,27.71,27.71,0.03
8/26/2022,0.2,1011.51,77.08,622.87,122.27,3.72,9.4,26.77,29,25.3,28,28,0.05
8/27/2022,0,1010.67,76,604.42,117.78,3.48,8,27.71,28.7,25.6,29.79,29.79,0.17
8/28/2022,3.2,1010.82,77.27,645.29,121.5,3.69,8.8,26.52,29,24.5,27.83,27.83,0.04
8/29/2022,0,1011.04,75.6,497.9,111.82,2.99,7.6,26.26,28.8,24.4,27.25,27.25,0.03
8/30/2022,1.6,1012.09,77.87,409.28,111,2.62,7.1,26.07,28.5,24.4,27.04,27.04,0.03
8/31/2022,0,1010.57,80.95,408.86,128.5,2.78,7.5,26.49,28.7,24.8,29.17,29.17,0.07
9/1/2022,3,1009.87,87.1,338.76,119.5,2.51,7.7,26.12,27.9,25.2,26.87,26.87,0.03
9/2/2022,29.4,1010.82,84.72,347.16,117.14,2.66,7.9,26.83,29.2,25.1,28.7,28.7,0.07
9/3/2022,0.2,1011.22,83.13,436.29,130.48,3.07,7.4,27.06,29.2,25.6,29.65,29.65,0.07
9/4/2022,0,1011.66,80.89,293.7,119.05,2.32,7.1,26.73,29.2,23.7,29.14,29.14,0.2
9/5/2022,0,1011.4,78.08,332.84,144.09,2.35,7.6,26.91,29.6,24.4,28.71,28.71,0.08
9/6/2022,0,1011.11,79.28,465.71,132.38,3,7.4,27.47,30,25.2,29.28,29.28,0.12
9/7/2022,0.8,1011.1,78.2,469.48,118.18,3.09,8.3,27.76,30,25.5,29.38,29.38,0.1
9/8/2022,73.6,1011.88,82.67,433.45,115.45,2.9,9.1,27.1,30.2,24.6,28.33,28.33,0.13
9/9/2022,60.4,1012.8,86.9,210.41,204.09,1.76,8.1,25.67,30,23.5,27.58,27.58,0.1
9/10/2022,1.6,1012.95,83.59,129.79,232.27,1.5,6.3,26.5,29.5,24.1,28.84,28.84,0.1
9/11/2022,74.8,1012.31,85.69,297.8,166.82,2.15,8.3,26.24,30.2,23.8,28.51,28.51,0.24
9/12/2022,29.4,1010.77,89.63,320.11,160.91,2.53,8.9,25.96,28.5,24.2,26.66,26.66,0.03
9/13/2022,41,1011.09,84.31,210.25,215,1.88,7.8,26.61,30.8,23.3,28.71,28.71,0.07
9/14/2022,0.6,1013.63,77.7,398.76,123.64,2.68,9,28.08,30.8,24.3,29.79,29.79,0.07
9/15/2022,0,1014.01,73.69,563.25,130.71,3.35,8.7,28.89,30.8,25.9,346.18,346.18,0.08
9/16/2022,59,1012.48,83.53,636.78,125,3.8,11.3,26.48,29.3,24,27.34,27.34,0.08
9/17/2022,8,1011.43,80.44,566.36,118.64,3.45,9.4,27.52,29.8,24.2,28.13,28.13,0.03
9/18/2022,3.4,1011.68,75.38,502.48,130.45,3,8.1,28.09,30.5,25.5,29.41,29.41,0.08
9/19/2022,0,1012.04,75.4,575.27,128.18,3.28,8.4,28.14,30.5,25.7,29.55,29.55,0.02
9/20/2022,0,1012.52,74.51,701.12,136.82,4.01,9.1,27.88,30.3,26.3,29.1,29.1,0.03
9/21/2022,54.2,1011.88,83.05,508.17,117.27,3.19,10.1,26.32,29.1,24,26.4,26.4,0.17
9/22/2022,38.4,1011.83,83.31,438.45,117.27,2.96,8.8,26.89,30.1,24.8,28.18,28.18,0.05
9/23/2022,2.8,1011.15,81.01,534.39,110,3.29,9.3,27.34,29.9,25.3,28.5,28.5,0.05
9/24/2022,60.8,1011,85.36,360.58,175,2.51,7.9,26.73,30.2,24.2,284.71,284.71,0.03
9/25/2022,6.4,1011.13,81.45,491.5,125.91,3.14,8.5,27.67,30,24.7,29.42,29.42,0.08
9/26/2022,0.4,1011.46,79.25,632.89,119.55,3.56,8.7,27.8,30.5,25.8,29.25,29.25,0.1
9/27/2022,3.4,1011.24,79.51,575.92,110,3.41,9.1,27.19,30.1,24.7,28.21,28.21,0.13
9/28/2022,0,1009.83,74.64,494.77,130,2.97,8.3,27.35,29.8,25.4,29.25,29.25,2.21
9/29/2022,0,1009.17,73.74,502.99,126.5,2.96,8.1,27.56,29.7,25.3,27.75,27.75,0.14
9/30/2022,1.8,1010.14,76.86,498.91,124,2.97,7.5,27.46,29.9,25.9,28.24,28.24,0.15
10/1/2022,16.8,1010.8,87.55,313.56,130.91,2.5,7.3,26.25,29.2,25,27.3,27.3,0.33
10/2/2022,17,1010.27,84.26,334.45,159.55,2.32,7.9,27.18,29.7,25.1,29.02,29.02,0.08
10/3/2022,9.2,1009.77,85.43,218.21,228.64,1.8,7.9,25.97,30,23.8,28.77,28.77,0.14
10/4/2022,3.8,1010.16,83.29,301.96,112.27,2.14,7.2,26.92,29.4,24.5,29.38,29.38,0
10/5/2022,12,1010.3,82.03,234.89,133.18,1.95,7.2,26.92,29.9,24.1,29.15,29.15,0
10/6/2022,11.2,1010.99,82.05,192.4,105,1.95,5.7,26.74,29.1,24,28.25,28.25,0.05
10/7/2022,12.4,1011.31,88.37,302.09,180.45,2.25,9.3,25.6,27.3,24.3,25.76,25.76,0
10/8/2022,107.8,1011.24,88.23,254.5,150.91,2.21,8.3,26.24,29.4,24,27.81,27.81,0
10/9/2022,8.6,1011.74,87.99,67.82,166.82,1.21,4.9,25.82,28.4,23.9,28.18,28.18,0.27
10/10/2022,15.6,1012.05,86.25,92.87,186.82,1.32,6.7,26.13,28.9,23.8,27.83,27.83,0.1
10/11/2022,2.4,1012.09,83.55,149.09,157.73,1.51,6.9,27.07,30.1,24.2,30.14,30.14,0.1
10/12/2022,8,1011.66,88.71,108.27,200.95,1.3,8.3,25.77,27.9,24.4,27.27,27.27,0.18
10/13/2022,1.4,1011.59,83.02,388.43,153.81,2.86,8.1,26.6,28.8,25,27.55,27.55,0.04
10/14/2022,9.4,1010.64,82.46,211.58,141.43,2.02,6.4,26.14,27.7,24,26.04,26.04,0.09
10/15/2022,0.4,1009.37,85.35,129.31,144,1.37,5,25.98,27,25,26.74,26.74,0.09
10/16/2022,0.2,1010.41,82.42,168.76,145.91,1.56,5.8,26.5,29,24.4,27.67,27.67,0.09
10/17/2022,0,1012.04,78.9,368.72,154.09,2.87,7.7,27.63,29.7,25,29.02,29.02,0.03
10/18/2022,0.8,1011.33,80.86,237.85,135.5,1.96,7.4,26.74,30,24.4,28.56,28.56,0.01
10/19/2022,0.2,1010.22,82.6,168.92,184.09,1.6,6.7,26.77,28.8,24.9,27.75,27.75,0.1
10/20/2022,8.8,1010.92,89.3,126.79,215.26,1.43,5.8,25.34,27.5,23.8,26.67,26.67,
10/21/2022,5,1011.02,84.58,195.91,186.47,1.64,5.8,26.74,29.3,24,29.21,29.21,
10/22/2022,2.2,1011.87,88.62,107.08,167.5,1.33,5.5,25.92,28.6,24.5,27.2,27.2,
10/23/2022,0,1011.25,78.91,178.4,201.43,1.81,6.5,28.27,31.6,25,31.23,31.23,0.03
10/24/2022,0.2,1011.03,78.28,202.64,247.73,1.88,10.1,28.43,31.5,25.6,30.8,30.8,0.07
10/25/2022,15.6,1011.32,86.76,157.86,220.45,1.53,8.8,26.16,30.4,24.4,27.05,27.05,0.03
10/26/2022,12.8,1011.23,85.53,198.7,189.55,2.05,6.9,26.29,29.4,23.6,27.91,27.91,0.13
10/27/2022,4.2,1010.85,84.1,141.71,184.29,1.62,6,25.77,28.8,24,27.77,27.77,0
10/28/2022,0,1009.84,75.24,166.58,226.67,1.45,12.6,26.28,29.3,23,28.17,28.17,0.03
10/29/2022,0.6,1009.32,71.37,260.13,137.27,1.99,7.1,27.11,30,24.4,29.25,29.25,0.1
10/30/2022,4.8,1009.67,75.25,210.23,176.82,1.9,6.7,26.35,28.6,24,27.51,27.51,0.16
10/31/2022,2.2,1010.02,76.36,263.3,128.64,2.1,6.5,26.35,29.2,24.1,27.73,27.73,0.02
11/1/2022,26,1010.4,77.44,354.67,148.64,2.47,7.8,27.1,29.8,23.9,29.36,29.36,0.08
11/2/2022,192,1011.09,91.72,189.7,169.09,1.77,7.7,24.88,27.5,23.3,26.74,26.74,0.1
11/3/2022,8,1010.36,84.35,234.62,157.62,1.84,6.5,27.04,29.6,24,29.05,29.05,0.08
11/4/2022,39.4,1011.2,85.2,281.17,181.43,1.89,8.7,26.55,30.5,23.6,29.01,29.01,0.07
11/5/2022,0.2,1012.32,82.29,183.33,184.21,1.48,5.5,27.36,30.1,24.3,29.22,29.22,0.03
11/6/2022,64.8,1012.27,84.22,291.9,195,1.98,9.8,27.11,30.9,23.6,29.85,29.85,0.03
11/7/2022,0.4,1011.88,83.87,90.48,173.64,1.23,4.8,26.77,30,23.8,28.58,28.58,0.08
11/8/2022,13,1011.28,82.67,198.52,227,1.77,7.3,26.88,30.9,24,29.42,29.42,0.1
11/9/2022,2.2,1010.69,84.42,182.18,223,1.55,7.2,26.8,30.7,24.6,30.01,30.01,0.2
11/10/2022,0,1010.4,84.22,115,255,1.47,5.9,26.93,30.1,24.4,28.49,28.49,
11/11/2022,13,1009.71,80.65,228.46,259.44,1.96,8.6,27.58,31.9,24.2,30.07,30.07,
11/12/2022,13.2,1009.45,88.52,144.54,258.1,1.66,8.9,26.01,29.7,24.1,27.15,27.15,0
11/13/2022,5.2,1008.74,85.18,91.61,259.38,1.39,5.2,26.99,29.6,24.6,28.8,28.8,0
11/14/2022,19.2,1008.95,84.91,218.99,210,1.89,7.9,27.19,30.6,24.5,29.95,29.95,0.18
11/15/2022,5.8,1008.74,83.97,147.79,197.33,1.53,6.4,27.57,31.1,24.9,141.91,141.91,0
11/16/2022,14.4,1007.99,86.22,130.08,225.24,1.31,8.9,26.9,31.4,24.6,29.67,29.67,0.05
11/17/2022,1.8,1007.7,81,161.78,182.38,1.38,5.5,27.97,31.3,25.4,30.3,30.3,0.13
11/18/2022,34,1008.03,84.5,202.09,142,1.62,6.6,27.27,30.3,25,24.83,24.83,
11/19/2022,8.4,1007.93,81.4,127.29,244,1.36,6.2,27.13,31.6,23.1,69.07,69.07,0.15
11/20/2022,2.4,1007.05,78.86,304.82,266,2.49,8.4,27.67,30.9,24.3,28.22,28.22,0
11/22/2022,6,1008.79,78.24,129.1,238.57,1.5,6.6,27.46,29.9,24.5,26.53,26.53,0.2
11/24/2022,1.6,1010.59,90.82,37.12,286.36,1.19,4.4,24.19,25.5,23.9,25.52,25.52,0
11/25/2022,32,1010.82,88.21,184.14,206.25,1.71,7.5,24.82,29.9,22.9,26.81,26.81,0
11/26/2022,55.6,1010.87,84.08,88.44,198.89,1.46,5.9,26.86,30.5,24.1,26.43,26.43,0.01
11/27/2022,107.6,1010.91,89.14,62.19,162.86,1.24,5.7,25.03,28,23.5,26.2,26.2,0.02
11/28/2022,1.4,1009.61,81.71,128.91,184.74,1.46,6,26.61,30.3,24.1,29.01,29.01,0.21
11/29/2022,1.4,1010.17,87.57,95.34,234.67,1.41,6.1,25.65,28.1,23.9,94.59,94.59,0.06
11/30/2022,8.6,1010.24,84.12,80.27,199.38,1.19,5.9,26.08,28.7,24.1,26.94,26.94,0.07
12/1/2022,0.4,1008.61,86.53,99.35,230.83,1.22,4.6,26.04,27.8,24.6,27.37,27.37,0
12/3/2022,231.8,1008.24,90.18,20.46,204,0.98,5.7,25.16,27.9,23.7,622.44,622.44,0
12/4/2022,15,1009.3,77.1,237.93,123.33,1.93,4.5,27.7,29.7,24.7,226.22,226.22,0.1
12/5/2022,15.2,1008.53,82.25,116.5,240,1.55,5.7,27.65,30.2,25.1,15.7,15.7,0.1
12/6/2022,13.8,1008.2,89.15,0.35,243.33,0.65,3.8,25.83,27.7,24.4,13.88,13.88,0
12/7/2022,8.4,1008.83,83.47,150.93,273.33,1.4,5.8,27.08,31.3,24.8,200.84,200.84,0.2
12/8/2022,9,1008.35,78.54,168.4,195,1.65,5.7,28.28,31,25,22.19,22.19,0
12/9/2022,27.2,1008.88,85.94,85.24,254.17,1.21,7.6,26.48,31.3,24.4,26.4,26.4,0.01
12/10/2022,90.6,1010.16,85.76,156.97,245.56,1.68,6.5,25.38,31,22.9,18.81,18.81,0.1
12/11/2022,2.8,1009.63,73.89,165.44,200,1.67,4.9,27.98,30.7,24.2,27.42,27.42,0.07
12/12/2022,82,1011,74.2,342.9,120,1.9,6.1,29.3,30.3,23.9,26.04,26.04,
12/13/2022,100,1009.77,85.69,37.72,208,1.06,7.1,26.38,29,24.3,27.44,27.44,0.15
12/14/2022,0,1010.2,84.9,35.8,195,1,3.1,26.8,28,25.6,27.75,27.75,
12/15/2022,0,1010.38,73.95,246.38,275,1.95,5.8,28.63,30.4,25.7,29.53,29.53,0.05
12/16/2022,32.8,1007.67,79.93,210.8,195.83,1.64,8,27.48,31.3,24.4,27.22,27.22,0.03
12/17/2022,10.6,1007.9,86.14,81.24,225,1.19,5.5,25.9,30.1,23.8,155.58,155.58,0
12/18/2022,0.8,1008.43,77.57,76.8,145,0.9,5.9,28.58,31.7,26,23.45,23.45,0
12/20/2022,25.8,1007.26,84.34,78.38,272.22,1.18,6.8,26.73,32.3,24.9,26.65,26.65,0.09
12/21/2022,0,1006.15,80.68,88.25,277.5,1.6,5.8,27.55,31.9,25.2,17.13,17.13,0.03
12/23/2022,11.4,1006.36,80.84,440.54,282,3.04,10.6,27.04,32.1,10.5,14.7,14.7,
12/24/2022,69.4,1007.79,83.36,137.66,256.67,1.41,10.7,26.84,31.7,24.8,21.93,21.93,0
12/25/2022,0.4,1009.27,86.16,165.54,292.86,1.86,7.2,26.33,28.9,24.8,146.47,146.47,0
12/26/2022,24,1009.43,88.08,61.12,220,0.87,4.3,26.05,29.7,24.6,24.39,24.39,0.1
12/29/2022,2.4,1009.64,82.37,260.48,262.22,2,10.9,26.51,30,24.2,24.25,24.25,0.05
12/30/2022,14.4,1010.14,84.1,50.64,266,1.66,5.3,26.78,32.4,25.2,13.1,13.1,0
12/31/2022,0,1009.32,75.64,231.36,317.06,1.83,6.8,27.38,31.3,25.2,27.53,27.53,0.07
1/2/2023,8.8,1010.04,82.62,148.06,256.67,1.61,7.6,27.1,31,25.1,26.26,26.26,0.2
1/3/2023,0.2,1010.25,79.63,412.19,271,2.91,10.7,27.35,31.1,25.2,134.86,134.86,0.02
1/4/2023,0,1010.55,79.65,252.48,283.33,2.03,9.3,27.17,31.5,24.7,26.95,26.95,0.04
1/5/2023,4.2,1010,80.85,313.35,277.14,2.25,11.4,27.32,31.7,24.7,28.28,28.28,0.07
1/7/2023,11.4,1010.75,78.02,314.61,250.95,2.2,10,27.99,31.8,25.3,29.52,29.52,0.04
1/8/2023,0.2,1009.14,73.44,307.95,239.29,2.11,6.6,28.96,31.4,24.6,668.95,668.95,0.2
1/9/2023,0,1011.31,77.16,83.21,233.53,1.29,6.5,27.81,31.8,25.4,202.01,202.01,0.04
1/10/2023,6.6,1011.6,78.23,149.89,237,1.64,8.4,28.09,32.1,24.6,30.24,30.24,0.11
1/11/2023,8.6,1011.66,76.45,205.85,252.73,2.03,9,28.2,32.2,24.7,30,30,0.13
1/12/2023,0.8,1010.93,78.15,153.93,254.67,1.47,6,27.83,31.6,25,28.18,28.18,0.08
1/13/2023,0,1011.53,70.63,356.07,226.67,2.13,6.1,29.63,31.8,26.4,31.62,31.62,0.25
1/14/2023,0,1010.54,76.91,163.57,230.56,1.64,8.2,27.67,31.4,24.9,29.32,29.32,0.13
1/15/2023,0.6,1008.9,72.62,286.34,243.91,2.15,8.5,28.81,32.1,25.5,30.43,30.43,0.13
1/16/2023,7,1008.23,78.24,216.51,250.91,1.93,6.8,27.9,31.5,25.8,28.92,28.92,0.1
1/17/2023,23.2,1009.33,82.85,165.57,231.82,1.52,8.2,27.35,31.5,24.5,29.07,29.07,0.04
1/18/2023,5.6,1010.74,87.86,142.43,297.78,1.73,9,25.27,29.7,23.9,26.78,26.78,0
1/20/2023,0,1010.8,86.55,68.8,215,1.05,4,26.1,28.6,24.8,26.1,26.1,0
1/21/2023,11.6,1009.74,83.91,138.81,268.95,1.57,8.6,26.18,30.8,23.4,27.91,27.91,0
1/22/2023,1.2,1008.41,81.4,123.87,260.5,1.63,8.8,27.26,31.9,23.9,30.04,30.04,0.25
1/23/2023,0.6,1007.98,84.44,180.09,239.29,1.52,9.3,26.62,31,24.8,62.5,62.5,0.03
1/24/2023,0,1006.55,75.91,215.72,282,1.6,7.6,28.01,32.4,24.9,29.74,29.74,0.07
1/25/2023,0,1006.57,75.48,304.7,267.37,2.29,11.4,28.19,32.7,25.4,29.23,29.23,0.3
1/26/2023,0.8,1007.62,84.78,172.04,283.89,1.53,9.5,26.23,30.3,24.4,27.53,27.53,0.03
1/27/2023,24,1007.74,86.44,191.13,266.11,1.77,11.3,26.09,30.6,24.3,27.17,27.17,
1/28/2023,0,1006.5,82.77,85.69,244.29,1.24,5.8,27.3,31.1,24.7,28.5,28.5,0.35
1/29/2023,1,1006.66,85.74,112.63,275.71,1.25,5.5,26.19,31,24.4,27.32,27.32,0.04
1/30/2023,5.8,1007.59,83.74,91.31,173.81,1.09,5.6,27.45,31.5,25,28.39,28.39,0.07
2/1/2023,6.2,1007.92,81.84,250.8,273.18,1.92,10.9,27.55,32.5,24.6,28.79,28.79,
2/2/2023,2.2,1008.08,86.03,162.53,292.5,1.65,7.9,26,28.6,24.1,26.79,26.79,0.04
2/3/2023,37.2,1008.1,88.35,127.18,220.59,1.39,8.8,26.25,32.3,24.6,27.32,27.32,
2/5/2023,0,1007.38,80.73,275.88,277.89,2.14,9.7,27.05,30.8,25.2,28.03,28.03,0.08
2/6/2023,0,1007.03,71.55,230.4,249.05,1.8,9.1,28.41,33.1,25.4,28.68,28.68,0.05
2/7/2023,0,1007.85,74.84,258.7,234.09,1.84,10.1,27.69,31.7,24.9,28.03,28.03,0.06
2/9/2023,0.2,1008.51,78.19,179.73,290,1.58,9.5,27.64,32.8,25.2,26.55,26.55,0.04
2/12/2023,0,1008.23,74.92,219.72,272,1.62,9.5,28.5,33.3,24.7,29.51,29.51,0.11
2/15/2023,0,1007.83,70.73,717.46,257.14,3.97,14.1,28.89,32.2,26,321.04,321.04,0.03
2/18/2023,0,1010.8,77.6,307.43,270,1.97,4.7,27.67,29.7,24.5,1100.23,1100.23,0.2
2/19/2023,,,,,,,,,,,1317.09,1317.09,
2/21/2023,0,1009.88,71.88,386.84,250,2.54,8.3,29.3,31.1,24.4,219.61,219.61,0.25
2/22/2023,5.2,1009.67,76.91,277.13,237.39,1.9,9.9,28.43,32.1,25.2,30.49,30.49,0.05
2/24/2023,,,,,,,,,,,,,
2/25/2023,3.8,1009.4,80.17,192.4,294.17,1.73,8.5,27.89,31.8,25.3,29.08,29.08,0.08
2/27/2023,14,1011.83,85.73,192.77,246.67,1.63,7.4,26.63,30,24.8,158.5,158.5,
3/1/2023,0.2,1011.28,81.03,147.13,191,1.55,12.1,26.83,31.4,23.7,28.68,28.68,0.06
3/2/2023,0,1011.08,79.4,453.96,256,2.74,10.9,27.4,31.2,24.1,112.61,112.61,0
3/5/2023,0,1012.2,93,0.1,300,1,2,24.7,24.9,24.7,24.1,24.1,0
3/6/2023,0,1012.2,68.1,477.5,185,3.1,11.6,30.13,32.1,25.9,33.28,33.28,0.05
3/7/2023,0,1011.81,74.26,206.98,259.41,1.84,8.8,28.78,31.9,25,31.1,31.1,0.07
3/8/2023,5.8,1011.85,77.18,182.75,223.75,1.96,8.3,28.06,32.3,25.4,26.6,26.6,0.2
3/9/2023,3.2,1012.25,78.68,167.06,217.14,1.66,7.3,27.45,31.1,24.3,167.06,167.06,0.08
3/11/2023,0.4,1010.79,76.26,222.58,181.05,1.79,6.8,28.43,31.7,25.3,222.58,222.58,0.02
3/13/2023,0,1010.51,77.11,181.77,235,1.63,6.2,28.39,32.1,25.1,181.77,181.77,0.11
3/14/2023,0,1009.2,74.16,182.91,225.26,1.47,6.9,28.41,32.5,24.5,182.91,182.91,0.11
3/16/2023,5.2,1010.49,76.33,186.93,236.25,1.83,6.6,28.13,32.1,25.2,186.93,186.93,0.13
3/18/2023,10,1011,86.42,96.85,232,1.36,7.8,26.31,31.5,23.8,96.85,96.85,0.24
3/19/2023,0.2,1009.72,80.39,160.07,207.5,1.69,6.5,27.9,32,24.5,160.07,160.07,0.21
3/20/2023,25.4,1009.19,82.17,175.19,222.5,1.71,6.6,27.86,31.8,25.3,175.19,175.19,0.06
3/21/2023,2.6,1009.73,83.24,97.01,222.5,1.25,7.6,26.96,32.1,24.3,97.01,97.01,0.08
3/23/2023,1.6,1008.33,78.25,92.53,151.67,1.3,5.8,28.82,32.6,25.6,92.53,92.53,0.05
3/24/2023,0,1008.37,83.23,78.15,243.75,1.31,6.4,27.51,32.1,25.4,73.57,73.57,0.07
3/26/2023,0.4,1009.74,89.12,90.91,286.43,1.33,7.7,25.78,31.7,24.3,90.91,90.91,0.04
3/27/2023,0,1008.23,80.18,244.57,265.33,1.89,8,27.94,32.6,24.7,244.57,244.57,0.09
3/28/2023,3.8,1009.65,82.35,258.36,280,2.19,10.9,26.65,30,24.5,303.59,303.59,0.11
3/30/2023,0,1009.24,77.93,149.26,240,1.73,7.4,27.65,32.4,24.5,149.26,149.26,0.16
4/1/2023,0,1009.7,90.7,122,280,1.7,3.2,23.7,23.9,23.6,122,122,
4/2/2023,0,1008.8,92.9,15.9,300,1.3,2.6,24.9,25.1,24.8,15.9,15.9,
4/6/2023,0,1009.9,75.25,144.21,231.9,1.57,7.1,28,31.7,24.9,144.21,144.21,0.1
4/7/2023,0,1010.93,77.72,148.05,267.5,1.2,5.9,27.53,31.5,24.6,148.05,148.05,0.13
4/8/2023,0,1011.48,67.35,333.68,206.67,1.82,6.3,29.85,32.1,25.1,333.68,333.68,0.13
4/9/2023,0,1011.55,72.16,229.41,240,1.93,6,29.22,31.8,24.5,229.41,229.41,0.05
4/11/2023,16.4,1010.63,78.21,228.3,264.17,1.94,8.2,27.58,29.9,24.8,228.3,228.3,0.05
4/12/2023,9,1009.64,78.42,179.08,263.85,1.95,7.4,28.45,31.9,25.3,257.57,257.57,0.06
4/14/2023,0,1010.92,82.62,205.42,294,1.94,6.7,26.68,29,24.5,205.42,205.42,0.05
4/15/2023,0,,,,,,2.2,,24.8,24.6,,24.6,
4/16/2023,0,,,,,,2.5,,25,24.8,,24.8,
4/17/2023,0,1009.52,78.93,102.31,204.17,1.21,6.3,27.87,32.4,25.1,102.31,102.31,0.11
4/19/2023,0,,,,,,1.3,,26.5,26.3,,26.3,
4/20/2023,0,1007.4,73.35,397.5,125,2.65,6.3,29.65,32.2,27.9,397.5,397.5,0
4/21/2023,0,1005.78,68.63,544.38,140,3.23,7.6,31.03,31.9,26.1,544.38,544.38,0.1
4/23/2023,0.6,1009.06,80.97,258.26,181.25,1.93,7.8,28.11,32.3,25.5,258.26,258.26,0.11
4/24/2023,69.2,1009.58,81.08,309.53,162.31,2.11,6.5,28.43,32,24.7,309.53,309.53,0.2
4/25/2023,0,1009.21,78.67,202.86,202,1.99,6.5,28.82,31.8,25.2,202.86,202.86,0.15
4/27/2023,12.6,1008.45,76.7,217.37,143.33,1.62,6.6,29.08,32.1,25.4,217.37,217.37,0.15
4/29/2023,0.8,1009.8,83.47,226.09,222.86,2,7,28.09,30.9,24.5,226.09,226.09,0.12
4/30/2023,2.6,1007.79,78.04,183.61,277.14,1.7,7,28.87,32.5,25.2,183.61,183.61,0.17
5/1/2023,0,1007.63,75.57,225.2,273.33,1.73,5.7,29.43,31.6,24.5,168.9,168.9,0.15
5/3/2023,6.2,1008.36,77.98,328.17,157.78,2.43,6,29.5,31.5,26.2,328.17,328.17,0.13
5/4/2023,1.6,1009.32,81.02,138.64,159.17,1.58,6.1,29.25,32.1,25.8,138.64,138.64,0.21
5/5/2023,25.8,1008.93,82.25,131.45,230,1.57,5.4,27.95,31.7,24.3,131.45,131.45,0.23
5/6/2023,11.8,1007.66,80.42,233.11,161,1.93,6.7,28.49,31.5,25.1,233.11,233.11,0.07
5/7/2023,3.4,1008.11,79.59,202.34,145,1.76,6.4,28.71,30.8,26,202.34,202.34,0.17
5/8/2023,0,1008.92,80.48,348.23,140,2.29,6.9,28.77,31.3,25.6,348.23,348.23,0.14
5/12/2023,1,1011.65,90.37,84.65,200.83,1.34,6.5,26.1,31.7,25.2,84.65,84.65,0
5/13/2023,0.4,1012.04,78.7,613.08,121.25,3.58,10.1,29.03,31.5,25.4,613.08,613.08,0.08
5/14/2023,0,1014.06,77.64,434.88,102.35,2.77,10.1,26.96,30.6,23.6,410.89,410.89,0.09
5/16/2023,0,1014.13,71.41,371.63,101.54,2.4,8.9,27.52,30.4,23.5,371.63,371.63,0.25
5/17/2023,0,1013.68,70.88,451.89,98.57,2.79,8.1,27.86,30.5,24.1,421.77,421.77,0.07
5/18/2023,0,1013.14,70.63,462.28,137.78,2.72,7.9,28.11,30.4,24.8,462.28,462.28,0.1
5/19/2023,0,1013.11,71.01,454.17,112.22,2.68,6.4,28.63,30.4,25.1,454.17,454.17,0.22
5/21/2023,0,1012.69,78.89,210.48,90,1.93,6.3,27.24,30.1,25,210.48,210.48,0.05
5/22/2023,0,1013.03,73.68,367.14,104.44,2.52,7.5,28.31,31,24.8,367.14,367.14,0.07
5/23/2023,2.2,1013.55,72.85,415.15,109.29,2.51,7.7,28.41,31,24.6,415.15,415.15,0.14
5/24/2023,0.2,1013.09,72.4,324.31,124.74,2.24,6.9,28.15,30.8,24.6,324.31,324.31,0.14
5/25/2023,0,1013.96,75.39,224.12,171.43,1.98,6,27.94,31,25.4,224.12,224.12,0.12
5/26/2023,0,1013.47,69.13,491.84,120,2.9,7.6,29.34,30.8,24.7,491.84,491.84,0.07
5/27/2023,0,1012,71.46,606.86,120,3.46,8.1,29.48,31.3,25.3,606.86,606.86,0.05
5/28/2023,0,1011.22,72.36,601.36,104,3.68,8.6,28.54,30.4,25.1,601.36,601.36,0.13
5/29/2023,0,1011.05,64.3,583.35,115,3.35,8.7,28.95,30.7,23.8,583.35,583.35,0.1
5/30/2023,0,1010.98,70.85,373.25,111.67,2.73,6.3,28.63,30.3,24.5,373.25,373.25,0.16
5/31/2023,0,1012.4,69.86,365.24,122,2.58,6.9,28.48,30.4,24.4,365.24,365.24,0.06
6/1/2023,0,1011.18,74.47,394.78,180,2.73,7.7,28.35,30.8,25.2,394.78,394.78,0.2
6/2/2023,0,1011.53,73.74,569.54,116.67,3.35,8.3,28.99,30.8,25.9,569.54,569.54,0.17
6/3/2023,0,1011.99,76.93,681.08,114.21,3.87,9.8,28.28,30.8,26.4,681.08,681.08,0.09
6/4/2023,0,1011.72,77.68,429.98,107.5,2.88,7.7,27.95,30.7,25.5,429.98,429.98,0.12
6/5/2023,0,1010.88,76.45,428.83,105,2.62,7.5,28.12,30.9,25.3,428.83,428.83,0.16
6/6/2023,11.6,1011.08,80.98,376.48,89.17,2.54,8.9,26.93,30.4,25.4,376.48,376.48,0.24
6/7/2023,8,1011.75,83.07,618.56,103.16,3.52,10.3,26.66,29.6,24.4,618.56,618.56,0.09
6/8/2023,5.8,1012.21,85.95,689.45,118.67,3.83,10,26.64,27.7,24.9,689.45,689.45,0.1
6/10/2023,0,1011.48,81,460.45,82.5,2.53,8.9,26.83,29.8,24.5,460.45,460.45,0.1
6/11/2023,0,1011.18,81.68,266.72,160,1.85,6.8,26.45,29.5,24.1,266.72,266.72,0.08
6/12/2023,0,1011.46,81.15,348.12,137,2.31,7.2,27.35,29.6,24.5,348.12,348.12,0.07
6/13/2023,0,1011.27,82.57,492.06,122,3.12,9.2,27.68,29.8,25.8,492.06,492.06,0.05
6/15/2023,0,1012.68,81.45,462.2,115,2.78,9.4,27.08,29.7,25.6,462.2,462.2,0.05
6/16/2023,0,1011.96,81.66,525.83,112.5,2.98,8.7,26.8,29.8,25.2,525.83,525.83,0.09
6/17/2023,0,1011.09,80.44,361.46,132.35,2.35,7.4,26.48,29.4,23.9,361.46,361.46,0.07
6/18/2023,0,1011.55,80.96,288.21,169.23,1.99,5.7,26.71,30.1,24.1,288.21,288.21,0.14
6/19/2023,0,1010.64,80.68,231.2,168,1.62,6.2,27.72,30.6,24.7,231.2,231.2,0.15
6/20/2023,0,1011.4,76.66,190.37,182,1.53,6.1,27.65,31.4,24.7,190.37,190.37,0.1
6/21/2023,0,1011.88,82.02,172.67,112.14,1.59,5.2,27.42,31.1,24.8,172.67,172.67,0.07
6/22/2023,0,1012.74,80.54,423.19,116.25,2.56,5.9,27.89,30,24.6,423.19,423.19,0.1
6/23/2023,0.6,1012.8,70.6,567.6,130,2.6,6.9,28.8,30.4,25.3,567.6,567.6,0
6/24/2023,1,1011.25,86.95,166.4,135,1.75,5.6,26.45,28.1,25.1,166.4,166.4,0.3
6/25/2023,0,1008.7,74.5,485.9,150,3.1,6,28,29.1,25.4,485.9,485.9,
6/27/2023,0,,,,,,7.7,,26.8,24,,24,
6/28/2023,0,,,,,,7.1,,26.2,26,,26,
6/29/2023,0.2,1013.3,91.7,293.1,150,2.5,7.1,25.6,26.2,25.5,293.1,293.1,0.1
6/30/2023,0,1012.6,73.1,663.7,130,3.8,7.7,28.9,29.1,24.7,663.7,663.7,0.3
7/1/2023,0.8,1012.1,86.25,372.4,95,2.45,6.6,26.4,28.1,24.9,372.4,372.4,0
7/2/2023,0,1013.24,78.05,519.56,121.54,3.22,7.7,27.79,29.9,25.4,519.56,519.56,0.1
7/3/2023,0.2,1013.92,76.83,407.88,117.65,2.73,7.3,26.83,29.3,24.9,385.25,385.25,0.19
7/4/2023,0,1012.7,81.72,188.2,157.5,1.53,6.1,25.45,28.3,24.2,188.2,188.2,0.04
7/5/2023,0.2,1011.73,79.2,302.27,105,2.15,6.7,26.63,29.4,24.1,302.27,302.27,0.13
7/6/2023,0.6,1011.71,80.54,490.14,105.71,2.92,7.6,27.08,29.6,24.4,490.14,490.14,0.13
7/7/2023,116,1012.76,91.46,563.35,116.47,3.61,12.8,25.2,27.3,23.4,563.35,563.35,0.13
7/9/2023,0.4,1013.51,84.71,358.58,100,2.69,8.8,26.78,29.1,24.7,358.58,358.58,0.2
7/10/2023,8.4,1011.71,86.98,338.05,132.31,2.48,8.4,26.43,29.4,24,338.05,338.05,0.13
7/12/2023,0,1012.86,74.85,691.78,117.5,3.84,9.5,26.85,28.6,25.1,691.78,691.78,0.08
7/13/2023,1.2,1013.85,80.26,328.82,114.62,2.52,7.6,25.76,28.5,24.2,328.82,328.82,0.15
7/14/2023,5.2,1013.15,83.59,317.98,114.12,2.54,8.5,26.03,28.6,24.4,317.98,317.98,0.05
7/15/2023,2.6,1013.67,84.22,522.28,107.69,3.27,8.9,25.96,27.8,23.4,522.28,522.28,0.02
7/16/2023,0,1012.5,82.24,355.35,113.75,2.59,7.5,26.36,28.6,23.9,355.35,355.35,0.08
7/17/2023,0,,,,,,8.1,,27.7,24.8,973,973,
7/18/2023,,,,,,,,,,,,,
7/19/2023,,,,,,,,,,,,,
7/20/2023,0,,,,,,8,,28.1,27.6,,27.6,
7/23/2023,,,,,,,,,,,,,
7/24/2023,0,,,,,,2.5,,25.3,24.3,,24.3,
7/25/2023,0,1013.8,73.1,663.8,120,3.1,6.5,27.7,28.1,24.3,663.8,663.8,
7/27/2023,,,,,,,,,,,,,
7/28/2023,,,,,,,,,,,,,
7/29/2023,,,,,,,,,,,,,
7/30/2023,,,,,,,,,,,,,
7/31/2023,,,,,,,,,,,,,
8/1/2023,,,,,,,,,,,,,
8/2/2023,,,,,,,,,,,,,
8/3/2023,,,,,,,,,,,,,
8/4/2023,,,,,,,,,,,,,
8/5/2023,,,,,,,,,,,,,
8/6/2023,,,,,,,,,,,,,
8/7/2023,,,,,,,,,,,,,
8/8/2023,,,,,,,,,,,,,
8/9/2023,,,,,,,,,,,,,
8/10/2023,,,,,,,,,,,,,
8/11/2023,,,,,,,,,,,,,
8/12/2023,,,,,,,,,,,,,
8/13/2023,0,,,,,,6.8,,28.4,22,,22,
8/14/2023,0,,,,,,6.4,,28.6,21.7,,21.7,
8/15/2023,0,,,,,,8.3,,28.5,22.2,,22.2,
8/16/2023,0,,,,,,7.2,,28.5,22.4,,22.4,
8/17/2023,3.8,,,,,,9.1,,28.6,22.5,,22.5,
8/18/2023,1.2,1014.6,88.7,597.5,120,3.1,9.3,24.6,26.6,22.1,597.5,597.5,
8/19/2023,0,1013.2,71.7,778.5,140,3.7,8.2,26.7,27.8,22.7,778.5,778.5,0.1
8/20/2023,0,1012.6,73.4,657.7,130,3.6,6.9,27.2,28,22.9,657.7,657.7,
8/21/2023,0,1013.7,72.7,663.6,120,3.1,6.1,27.9,28.1,24.5,663.6,663.6,0.3
8/22/2023,0,1013.2,73,812.4,120,4,8.1,27.5,27.9,27.2,812.4,812.4,0.1
8/23/2023,0,1013.2,77.2,909.5,110,4.2,7.9,27,27.5,24.9,909.5,909.5,0.1
8/24/2023,0,1013.8,73.9,712.3,120,3.9,7.9,26.7,27,26.5,712.3,712.3,0
8/26/2023,0,,,,,,7.6,,27.6,25.7,,25.7,
8/27/2023,0,,,,,,7.1,,27.6,26.5,,26.5,
8/28/2023,0,1013.5,73.3,695.1,130,3.5,7.2,27.4,27.6,22.6,695.1,695.1,0.1
8/29/2023,0,1012.6,69.5,861.6,130,4.1,7.9,27.4,27.5,23.5,861.6,861.6,0.2
8/30/2023,0,1012.3,73.6,782.7,120,3.5,7.9,26.8,27.3,23,782.7,782.7,0
8/31/2023,0,1013.1,70.8,677.9,130,3.4,7.7,27.1,27.4,23.2,677.9,677.9,
9/1/2023,0,,,,,,5.9,,26.5,25.3,,25.3,
9/2/2023,0,,,,,,10.3,,27.9,21.8,,21.8,
9/3/2023,0,1013.7,69.9,814.5,130,4,7.5,26.9,27.3,21.1,814.5,814.5,0.1
9/4/2023,0,1013.2,61.8,821.2,130,3.9,8.2,27.8,28.2,21.9,821.2,821.2,0
9/5/2023,0,1012.1,65.6,774.2,130,4,9.1,27.7,27.9,21.2,774.2,774.2,
9/7/2023,0,,,,,,5.5,,25.1,23.3,,23.3,
9/8/2023,0,,,,,,8.3,,28.4,23.2,,23.2,
9/9/2023,,,,,,,26.5,,,26.9,246.14,246.14,
9/10/2023,,,,,,,23.5,,,24.5,27.24,27.24,
9/11/2023,,,,,,,22.8,,,23.4,27.66,27.66,
9/12/2023,0,,,,,,22.9,,28.7,22.9,26.85,26.85,
9/13/2023,0,1013.73,77.19,939.93,136.48,5.62,7.4,28.74,29.5,24.4,34.4,34.4,
9/14/2023,0.2,,,,,,7.3,,29.5,24.8,,1096,
9/15/2023,0,,,,,,7.3,,29.4,24.7,,1362,
9/16/2023,0,,,,,,7,,29.4,25.1,,1308,
9/17/2023,0,,,,,,7.5,,28.9,24.6,,1209,
9/18/2023,0,1012.41,76.2,930.55,128.55,1.97,6.5,28.44,28.9,24.7,32.91,32.91,
9/19/2023,0,,,,,,6.1,,29.3,23.3,,1194,
9/20/2023,0,,,,,,6.7,,29.5,23.7,,1123,
9/21/2023,0,,,,,,7.9,,29.2,23.9,,1101,
9/22/2023,0,,,,,,8.1,,29.8,23.5,,1114,
9/23/2023,0,1012.4,69.45,1126.95,123.35,4.15,7.3,28.3,28.8,22.9,33.78,29.64,
9/24/2023,0,,,,,,7.9,,29.7,23.6,,1162,
9/25/2023,0,1010.8,71.8,1100.85,142.65,3.7,6.4,29.05,29.6,24.9,34.44,19.65,
9/26/2023,0,,,,,,8.4,,29.4,24.3,,1239,
9/27/2023,0.4,,,,,,7.3,,30,24.8,,1138,
9/28/2023,0,,,,,,8,,29.9,25.3,,1118,
9/29/2023,0,1011.9,72.2,1106.95,129.4,3.14,6.5,29.59,30.5,25.3,34.38,34.38,
9/30/2023,0,1013.41,66.6,1079.85,156.3,4.88,7.4,29.87,30.2,24.3,34.3,34.3,
10/1/2023,0,,,,,,7,,30.8,23.7,,1140,
10/2/2023,0,,,,,,6.9,,31.1,24.7,,1138,
10/3/2023,1.2,,,,,,7.4,,30.2,24.2,,1401,
10/4/2023,0,,,,,,6.2,,31.3,24.8,,1178,
10/5/2023,3.2,,,,,,7.1,,31,25.3,,1121,
10/6/2023,0,,,,,,8.9,,31,25.1,,1273,
10/7/2023,0,,,,,,8.5,,31.2,25.6,,1106,
10/8/2023,0,,,,,,6.2,,31,25.9,,1195,
10/9/2023,0,,,,,,7.6,,30.4,25.7,,1079,
10/10/2023,0,,,,,,6.5,,30.1,25.1,,1072,
10/11/2023,0,,,,,,7.6,,29.3,23.4,,1258,
10/12/2023,0,,,,,,7,,30.4,23.4,,1099,
10/13/2023,0,,,,,,6.6,,30.3,24.6,,1099,
10/14/2023,0,,,,,,6.9,,30.8,25.5,,1088,
10/15/2023,1.8,,,,,,7.7,,30.6,25.9,,1112,
10/16/2023,0,,,,,,7.2,,30.6,25.4,,1119,
